from_id,from_username,to_id,to_username,followedAt
1,alvesyan_1,40,igor68_40,2025-02-15T13:44:55.856901
1,alvesyan_1,20,luiza98_20,2026-01-05T13:44:55.856906
1,alvesyan_1,8,jose-miguelribeiro_8,2025-11-16T13:44:55.856910
1,alvesyan_1,14,kpinto_14,2025-11-17T13:44:55.856913
1,alvesyan_1,49,lunna09_49,2025-04-19T13:44:55.856916
1,alvesyan_1,16,viniciuscastro_16,2025-08-30T13:44:55.856919
1,alvesyan_1,25,raquel73_25,2025-12-20T13:44:55.856922
1,alvesyan_1,13,isiscampos_13,2025-09-27T13:44:55.856927
1,alvesyan_1,21,natalia46_21,2025-12-03T13:44:55.856931
1,alvesyan_1,2,rfernandes_2,2025-04-22T13:44:55.856934
1,alvesyan_1,36,rebecagarcia_36,2025-07-03T13:44:55.856937
1,alvesyan_1,10,ribeirolorena_10,2025-03-28T13:44:55.856940
1,alvesyan_1,19,pietroalves_19,2025-04-02T13:44:55.856943
1,alvesyan_1,4,pereiraluigi_4,2025-03-22T13:44:55.856946
1,alvesyan_1,5,pgoncalves_5,2025-10-09T13:44:55.856949
1,alvesyan_1,46,duartedaniel_46,2025-05-10T13:44:55.856952
1,alvesyan_1,39,maria-isismoreira_39,2025-07-22T13:44:55.856956
1,alvesyan_1,33,da-rochapedro-miguel_33,2025-06-16T13:44:55.856959
1,alvesyan_1,50,vda-rocha_50,2025-06-20T13:44:55.856962
1,alvesyan_1,29,maria-florsampaio_29,2025-09-02T13:44:55.856965
1,alvesyan_1,41,liamdas-neves_41,2025-04-06T13:44:55.856968
1,alvesyan_1,35,da-cunhamaria-liz_35,2025-06-27T13:44:55.856971
1,alvesyan_1,11,aragaovalentina_11,2025-08-29T13:44:55.856974
1,alvesyan_1,17,ccardoso_17,2025-04-16T13:44:55.856976
1,alvesyan_1,27,goncalvesbenjamim_27,2025-03-21T13:44:55.856979
1,alvesyan_1,45,odias_45,2026-01-02T13:44:55.856982
1,alvesyan_1,12,mcassiano_12,2025-03-26T13:44:55.856985
1,alvesyan_1,7,natalia93_7,2025-12-13T13:44:55.856987
1,alvesyan_1,3,novaesana-beatriz_3,2025-10-18T13:44:55.856990
1,alvesyan_1,34,maria-sophiada-mota_34,2025-03-18T13:44:55.856993
1,alvesyan_1,26,teixeiragabrielly_26,2025-10-16T13:44:55.856996
1,alvesyan_1,32,mariahcunha_32,2025-09-19T13:44:55.856998
1,alvesyan_1,37,da-conceicaoalicia_37,2025-02-28T13:44:55.857001
1,alvesyan_1,47,rda-paz_47,2025-12-22T13:44:55.857003
1,alvesyan_1,9,anthony-gabrielbarbosa_9,2025-11-13T13:44:55.857006
1,alvesyan_1,22,cmacedo_22,2025-10-02T13:44:55.857009
1,alvesyan_1,28,souzavalentina_28,2025-11-05T13:44:55.857011
1,alvesyan_1,24,jaragao_24,2025-04-25T13:44:55.857014
2,rfernandes_2,12,mcassiano_12,2025-10-06T13:44:55.857030
2,rfernandes_2,1,alvesyan_1,2025-09-07T13:44:55.857033
2,rfernandes_2,28,souzavalentina_28,2025-02-05T13:44:55.857036
2,rfernandes_2,30,pastorryan_30,2025-09-10T13:44:55.857039
2,rfernandes_2,46,duartedaniel_46,2025-02-07T13:44:55.857042
2,rfernandes_2,40,igor68_40,2025-06-14T13:44:55.857045
2,rfernandes_2,32,mariahcunha_32,2025-12-27T13:44:55.857048
2,rfernandes_2,20,luiza98_20,2025-02-15T13:44:55.857050
2,rfernandes_2,4,pereiraluigi_4,2025-10-05T13:44:55.857053
3,novaesana-beatriz_3,42,dda-cruz_42,2025-02-08T13:44:55.857068
3,novaesana-beatriz_3,39,maria-isismoreira_39,2025-07-10T13:44:55.857071
3,novaesana-beatriz_3,44,mayaandrade_44,2025-09-15T13:44:55.857074
3,novaesana-beatriz_3,14,kpinto_14,2025-05-21T13:44:55.857076
3,novaesana-beatriz_3,29,maria-florsampaio_29,2025-05-01T13:44:55.857079
3,novaesana-beatriz_3,9,anthony-gabrielbarbosa_9,2025-05-25T13:44:55.857082
3,novaesana-beatriz_3,36,rebecagarcia_36,2025-06-22T13:44:55.857085
3,novaesana-beatriz_3,16,viniciuscastro_16,2025-12-22T13:44:55.857087
3,novaesana-beatriz_3,11,aragaovalentina_11,2025-04-01T13:44:55.857090
3,novaesana-beatriz_3,19,pietroalves_19,2026-01-12T13:44:55.857092
3,novaesana-beatriz_3,50,vda-rocha_50,2025-06-25T13:44:55.857095
3,novaesana-beatriz_3,6,qmoura_6,2025-08-20T13:44:55.857097
3,novaesana-beatriz_3,5,pgoncalves_5,2025-03-29T13:44:55.857100
3,novaesana-beatriz_3,12,mcassiano_12,2025-09-26T13:44:55.857103
3,novaesana-beatriz_3,21,natalia46_21,2026-01-19T13:44:55.857105
3,novaesana-beatriz_3,20,luiza98_20,2025-12-17T13:44:55.857108
3,novaesana-beatriz_3,30,pastorryan_30,2025-10-07T13:44:55.857110
3,novaesana-beatriz_3,45,odias_45,2025-02-21T13:44:55.857112
3,novaesana-beatriz_3,43,ccassiano_43,2025-04-13T13:44:55.857116
3,novaesana-beatriz_3,24,jaragao_24,2025-04-07T13:44:55.857119
3,novaesana-beatriz_3,40,igor68_40,2026-01-22T13:44:55.857121
4,pereiraluigi_4,19,pietroalves_19,2025-03-18T13:44:55.857143
4,pereiraluigi_4,38,luna17_38,2025-06-20T13:44:55.857146
4,pereiraluigi_4,3,novaesana-beatriz_3,2026-01-06T13:44:55.857148
4,pereiraluigi_4,13,isiscampos_13,2025-10-20T13:44:55.857151
4,pereiraluigi_4,32,mariahcunha_32,2025-09-18T13:44:55.857153
4,pereiraluigi_4,35,da-cunhamaria-liz_35,2025-04-26T13:44:55.857156
4,pereiraluigi_4,43,ccassiano_43,2025-11-26T13:44:55.857159
4,pereiraluigi_4,30,pastorryan_30,2025-09-07T13:44:55.857162
4,pereiraluigi_4,50,vda-rocha_50,2025-06-22T13:44:55.857165
4,pereiraluigi_4,47,rda-paz_47,2025-02-09T13:44:55.857168
4,pereiraluigi_4,39,maria-isismoreira_39,2025-05-29T13:44:55.857170
4,pereiraluigi_4,29,maria-florsampaio_29,2025-12-01T13:44:55.857173
4,pereiraluigi_4,33,da-rochapedro-miguel_33,2026-01-18T13:44:55.857175
4,pereiraluigi_4,7,natalia93_7,2025-03-16T13:44:55.857178
4,pereiraluigi_4,46,duartedaniel_46,2025-03-27T13:44:55.857180
4,pereiraluigi_4,24,jaragao_24,2025-10-02T13:44:55.857183
4,pereiraluigi_4,28,souzavalentina_28,2025-02-03T13:44:55.857185
4,pereiraluigi_4,23,oleao_23,2025-11-12T13:44:55.857188
4,pereiraluigi_4,12,mcassiano_12,2025-08-26T13:44:55.857191
4,pereiraluigi_4,49,lunna09_49,2025-04-25T13:44:55.857193
4,pereiraluigi_4,5,pgoncalves_5,2026-01-25T13:44:55.857196
4,pereiraluigi_4,40,igor68_40,2025-04-25T13:44:55.857198
4,pereiraluigi_4,37,da-conceicaoalicia_37,2025-07-08T13:44:55.857201
4,pereiraluigi_4,36,rebecagarcia_36,2025-12-16T13:44:55.857203
4,pereiraluigi_4,15,gustavo-henrique24_15,2025-10-09T13:44:55.857206
4,pereiraluigi_4,45,odias_45,2025-12-05T13:44:55.857208
4,pereiraluigi_4,17,ccardoso_17,2025-06-10T13:44:55.857211
4,pereiraluigi_4,11,aragaovalentina_11,2025-12-03T13:44:55.857214
4,pereiraluigi_4,14,kpinto_14,2025-03-07T13:44:55.857216
4,pereiraluigi_4,42,dda-cruz_42,2025-11-15T13:44:55.857219
4,pereiraluigi_4,2,rfernandes_2,2025-05-22T13:44:55.857221
4,pereiraluigi_4,16,viniciuscastro_16,2025-09-05T13:44:55.857224
4,pereiraluigi_4,48,ada-mota_48,2025-05-17T13:44:55.857226
4,pereiraluigi_4,27,goncalvesbenjamim_27,2025-02-05T13:44:55.857229
4,pereiraluigi_4,6,qmoura_6,2025-09-15T13:44:55.857231
4,pereiraluigi_4,34,maria-sophiada-mota_34,2025-07-04T13:44:55.857234
4,pereiraluigi_4,20,luiza98_20,2025-05-30T13:44:55.857236
4,pereiraluigi_4,8,jose-miguelribeiro_8,2025-06-05T13:44:55.857239
4,pereiraluigi_4,10,ribeirolorena_10,2025-09-30T13:44:55.857241
4,pereiraluigi_4,1,alvesyan_1,2025-06-13T13:44:55.857243
4,pereiraluigi_4,25,raquel73_25,2025-04-25T13:44:55.857246
4,pereiraluigi_4,9,anthony-gabrielbarbosa_9,2025-11-19T13:44:55.857249
4,pereiraluigi_4,44,mayaandrade_44,2025-07-20T13:44:55.857251
4,pereiraluigi_4,31,ucavalcanti_31,2025-10-27T13:44:55.857254
4,pereiraluigi_4,22,cmacedo_22,2025-04-01T13:44:55.857256
4,pereiraluigi_4,18,luiz-gustavojesus_18,2025-05-17T13:44:55.857259
4,pereiraluigi_4,41,liamdas-neves_41,2025-11-24T13:44:55.857261
4,pereiraluigi_4,21,natalia46_21,2025-12-28T13:44:55.857264
5,pgoncalves_5,28,souzavalentina_28,2025-02-09T13:44:55.857413
5,pgoncalves_5,23,oleao_23,2025-10-02T13:44:55.857416
5,pgoncalves_5,34,maria-sophiada-mota_34,2025-04-15T13:44:55.857419
5,pgoncalves_5,19,pietroalves_19,2025-07-20T13:44:55.857422
5,pgoncalves_5,1,alvesyan_1,2025-10-05T13:44:55.857424
5,pgoncalves_5,20,luiza98_20,2025-07-06T13:44:55.857427
5,pgoncalves_5,21,natalia46_21,2026-01-10T13:44:55.857429
5,pgoncalves_5,39,maria-isismoreira_39,2025-08-23T13:44:55.857432
5,pgoncalves_5,43,ccassiano_43,2025-06-04T13:44:55.857434
5,pgoncalves_5,33,da-rochapedro-miguel_33,2025-02-05T13:44:55.857437
5,pgoncalves_5,11,aragaovalentina_11,2025-07-21T13:44:55.857439
5,pgoncalves_5,30,pastorryan_30,2025-07-19T13:44:55.857442
5,pgoncalves_5,36,rebecagarcia_36,2025-02-27T13:44:55.857445
5,pgoncalves_5,32,mariahcunha_32,2025-03-05T13:44:55.857448
5,pgoncalves_5,24,jaragao_24,2025-11-16T13:44:55.857450
5,pgoncalves_5,49,lunna09_49,2025-05-24T13:44:55.857453
5,pgoncalves_5,26,teixeiragabrielly_26,2026-01-14T13:44:55.857456
5,pgoncalves_5,31,ucavalcanti_31,2025-11-29T13:44:55.857458
5,pgoncalves_5,41,liamdas-neves_41,2025-05-20T13:44:55.857461
5,pgoncalves_5,12,mcassiano_12,2025-04-05T13:44:55.857463
5,pgoncalves_5,29,maria-florsampaio_29,2025-08-16T13:44:55.857466
5,pgoncalves_5,8,jose-miguelribeiro_8,2025-12-12T13:44:55.857469
6,qmoura_6,8,jose-miguelribeiro_8,2025-11-08T13:44:55.857487
6,qmoura_6,35,da-cunhamaria-liz_35,2025-02-11T13:44:55.857489
6,qmoura_6,31,ucavalcanti_31,2025-09-01T13:44:55.857492
6,qmoura_6,1,alvesyan_1,2026-01-18T13:44:55.857495
6,qmoura_6,11,aragaovalentina_11,2026-01-09T13:44:55.857497
6,qmoura_6,28,souzavalentina_28,2025-08-19T13:44:55.857500
6,qmoura_6,43,ccassiano_43,2026-01-04T13:44:55.857502
6,qmoura_6,46,duartedaniel_46,2025-09-04T13:44:55.857505
6,qmoura_6,5,pgoncalves_5,2025-08-02T13:44:55.857507
6,qmoura_6,32,mariahcunha_32,2025-07-25T13:44:55.857510
6,qmoura_6,18,luiz-gustavojesus_18,2025-06-26T13:44:55.857513
6,qmoura_6,23,oleao_23,2025-11-19T13:44:55.857515
6,qmoura_6,27,goncalvesbenjamim_27,2025-09-29T13:44:55.857518
6,qmoura_6,7,natalia93_7,2025-05-06T13:44:55.857520
6,qmoura_6,39,maria-isismoreira_39,2025-07-06T13:44:55.857523
6,qmoura_6,26,teixeiragabrielly_26,2025-04-18T13:44:55.857525
6,qmoura_6,22,cmacedo_22,2025-02-17T13:44:55.857528
6,qmoura_6,33,da-rochapedro-miguel_33,2025-11-01T13:44:55.857530
6,qmoura_6,29,maria-florsampaio_29,2025-11-06T13:44:55.857533
6,qmoura_6,19,pietroalves_19,2025-11-04T13:44:55.857535
6,qmoura_6,2,rfernandes_2,2025-12-23T13:44:55.857538
6,qmoura_6,21,natalia46_21,2025-03-26T13:44:55.857540
6,qmoura_6,3,novaesana-beatriz_3,2025-07-21T13:44:55.857543
6,qmoura_6,9,anthony-gabrielbarbosa_9,2025-03-21T13:44:55.857545
6,qmoura_6,34,maria-sophiada-mota_34,2025-02-17T13:44:55.857548
6,qmoura_6,36,rebecagarcia_36,2025-10-01T13:44:55.857551
6,qmoura_6,44,mayaandrade_44,2025-05-23T13:44:55.857553
6,qmoura_6,38,luna17_38,2025-04-09T13:44:55.857556
6,qmoura_6,45,odias_45,2025-11-20T13:44:55.857558
6,qmoura_6,15,gustavo-henrique24_15,2025-10-06T13:44:55.857561
6,qmoura_6,4,pereiraluigi_4,2025-06-10T13:44:55.857563
6,qmoura_6,20,luiza98_20,2025-03-12T13:44:55.857566
6,qmoura_6,16,viniciuscastro_16,2025-09-24T13:44:55.857568
7,natalia93_7,18,luiz-gustavojesus_18,2025-03-28T13:44:55.857594
7,natalia93_7,44,mayaandrade_44,2025-05-23T13:44:55.857597
7,natalia93_7,1,alvesyan_1,2025-09-08T13:44:55.857600
7,natalia93_7,31,ucavalcanti_31,2025-10-07T13:44:55.857603
7,natalia93_7,20,luiza98_20,2025-03-28T13:44:55.857606
7,natalia93_7,45,odias_45,2025-08-05T13:44:55.857609
7,natalia93_7,36,rebecagarcia_36,2025-10-12T13:44:55.857611
7,natalia93_7,12,mcassiano_12,2025-03-13T13:44:55.857614
7,natalia93_7,5,pgoncalves_5,2025-10-27T13:44:55.857616
7,natalia93_7,30,pastorryan_30,2025-03-21T13:44:55.857619
7,natalia93_7,24,jaragao_24,2025-09-26T13:44:55.857622
7,natalia93_7,39,maria-isismoreira_39,2025-02-19T13:44:55.857625
7,natalia93_7,21,natalia46_21,2025-03-01T13:44:55.857627
7,natalia93_7,29,maria-florsampaio_29,2025-02-18T13:44:55.857630
7,natalia93_7,50,vda-rocha_50,2025-11-23T13:44:55.857632
7,natalia93_7,47,rda-paz_47,2025-03-17T13:44:55.857635
7,natalia93_7,38,luna17_38,2025-12-14T13:44:55.857638
7,natalia93_7,14,kpinto_14,2025-03-17T13:44:55.857640
7,natalia93_7,33,da-rochapedro-miguel_33,2025-03-08T13:44:55.857643
7,natalia93_7,37,da-conceicaoalicia_37,2026-01-12T13:44:55.857645
7,natalia93_7,17,ccardoso_17,2025-08-27T13:44:55.857648
7,natalia93_7,4,pereiraluigi_4,2025-06-21T13:44:55.857650
7,natalia93_7,9,anthony-gabrielbarbosa_9,2026-01-15T13:44:55.857653
7,natalia93_7,32,mariahcunha_32,2025-04-11T13:44:55.857655
7,natalia93_7,46,duartedaniel_46,2025-07-30T13:44:55.857658
7,natalia93_7,13,isiscampos_13,2025-11-26T13:44:55.857660
7,natalia93_7,26,teixeiragabrielly_26,2025-12-17T13:44:55.857663
7,natalia93_7,11,aragaovalentina_11,2025-09-03T13:44:55.857665
7,natalia93_7,23,oleao_23,2025-08-18T13:44:55.857668
7,natalia93_7,48,ada-mota_48,2025-07-04T13:44:55.857671
7,natalia93_7,27,goncalvesbenjamim_27,2025-11-04T13:44:55.857674
7,natalia93_7,10,ribeirolorena_10,2025-10-22T13:44:55.857677
7,natalia93_7,34,maria-sophiada-mota_34,2025-11-26T13:44:55.857679
7,natalia93_7,2,rfernandes_2,2025-05-01T13:44:55.857682
8,jose-miguelribeiro_8,35,da-cunhamaria-liz_35,2025-07-21T13:44:55.857699
8,jose-miguelribeiro_8,34,maria-sophiada-mota_34,2025-03-12T13:44:55.857702
8,jose-miguelribeiro_8,19,pietroalves_19,2025-07-26T13:44:55.857704
8,jose-miguelribeiro_8,12,mcassiano_12,2025-12-08T13:44:55.857707
8,jose-miguelribeiro_8,18,luiz-gustavojesus_18,2025-02-21T13:44:55.857709
8,jose-miguelribeiro_8,32,mariahcunha_32,2025-10-05T13:44:55.857712
8,jose-miguelribeiro_8,20,luiza98_20,2025-06-05T13:44:55.857715
8,jose-miguelribeiro_8,23,oleao_23,2026-01-20T13:44:55.857717
8,jose-miguelribeiro_8,9,anthony-gabrielbarbosa_9,2025-03-21T13:44:55.857720
8,jose-miguelribeiro_8,31,ucavalcanti_31,2025-04-20T13:44:55.857722
8,jose-miguelribeiro_8,5,pgoncalves_5,2025-08-18T13:44:55.857725
8,jose-miguelribeiro_8,11,aragaovalentina_11,2025-03-26T13:44:55.857727
8,jose-miguelribeiro_8,16,viniciuscastro_16,2025-10-11T13:44:55.857730
8,jose-miguelribeiro_8,27,goncalvesbenjamim_27,2025-03-07T13:44:55.857733
8,jose-miguelribeiro_8,25,raquel73_25,2025-12-31T13:44:55.857735
8,jose-miguelribeiro_8,6,qmoura_6,2025-03-13T13:44:55.857738
8,jose-miguelribeiro_8,37,da-conceicaoalicia_37,2025-06-09T13:44:55.857740
8,jose-miguelribeiro_8,1,alvesyan_1,2025-02-08T13:44:55.857743
8,jose-miguelribeiro_8,10,ribeirolorena_10,2025-08-31T13:44:55.857745
8,jose-miguelribeiro_8,48,ada-mota_48,2025-03-06T13:44:55.857748
8,jose-miguelribeiro_8,4,pereiraluigi_4,2025-07-07T13:44:55.857751
8,jose-miguelribeiro_8,38,luna17_38,2025-12-04T13:44:55.857753
8,jose-miguelribeiro_8,13,isiscampos_13,2025-11-22T13:44:55.857756
8,jose-miguelribeiro_8,43,ccassiano_43,2026-01-09T13:44:55.857758
8,jose-miguelribeiro_8,36,rebecagarcia_36,2026-01-13T13:44:55.857761
8,jose-miguelribeiro_8,49,lunna09_49,2025-08-30T13:44:55.857763
8,jose-miguelribeiro_8,45,odias_45,2025-05-25T13:44:55.857766
8,jose-miguelribeiro_8,44,mayaandrade_44,2025-12-04T13:44:55.857768
9,anthony-gabrielbarbosa_9,17,ccardoso_17,2025-07-04T13:44:55.857780
9,anthony-gabrielbarbosa_9,36,rebecagarcia_36,2025-03-03T13:44:55.857782
9,anthony-gabrielbarbosa_9,10,ribeirolorena_10,2025-12-13T13:44:55.857785
9,anthony-gabrielbarbosa_9,26,teixeiragabrielly_26,2025-05-27T13:44:55.857787
9,anthony-gabrielbarbosa_9,31,ucavalcanti_31,2025-03-23T13:44:55.857790
9,anthony-gabrielbarbosa_9,25,raquel73_25,2025-07-08T13:44:55.857793
9,anthony-gabrielbarbosa_9,44,mayaandrade_44,2025-09-11T13:44:55.857795
9,anthony-gabrielbarbosa_9,49,lunna09_49,2026-01-16T13:44:55.857798
9,anthony-gabrielbarbosa_9,28,souzavalentina_28,2025-02-13T13:44:55.857800
9,anthony-gabrielbarbosa_9,39,maria-isismoreira_39,2025-07-27T13:44:55.857803
9,anthony-gabrielbarbosa_9,11,aragaovalentina_11,2025-10-13T13:44:55.857805
10,ribeirolorena_10,30,pastorryan_30,2025-11-18T13:44:55.857821
10,ribeirolorena_10,17,ccardoso_17,2025-04-02T13:44:55.857824
10,ribeirolorena_10,25,raquel73_25,2026-01-31T13:44:55.857826
10,ribeirolorena_10,7,natalia93_7,2025-09-13T13:44:55.857829
10,ribeirolorena_10,45,odias_45,2025-11-19T13:44:55.857831
10,ribeirolorena_10,48,ada-mota_48,2025-11-27T13:44:55.857834
10,ribeirolorena_10,36,rebecagarcia_36,2025-05-01T13:44:55.857837
10,ribeirolorena_10,43,ccassiano_43,2025-09-26T13:44:55.857839
10,ribeirolorena_10,24,jaragao_24,2025-11-04T13:44:55.857842
10,ribeirolorena_10,4,pereiraluigi_4,2025-12-07T13:44:55.857844
10,ribeirolorena_10,27,goncalvesbenjamim_27,2025-02-28T13:44:55.857847
10,ribeirolorena_10,19,pietroalves_19,2026-01-19T13:44:55.857850
10,ribeirolorena_10,14,kpinto_14,2025-11-26T13:44:55.857852
10,ribeirolorena_10,8,jose-miguelribeiro_8,2026-01-25T13:44:55.857855
10,ribeirolorena_10,31,ucavalcanti_31,2025-08-02T13:44:55.857857
10,ribeirolorena_10,6,qmoura_6,2025-10-03T13:44:55.857860
10,ribeirolorena_10,15,gustavo-henrique24_15,2025-04-06T13:44:55.857862
10,ribeirolorena_10,2,rfernandes_2,2025-08-20T13:44:55.857865
10,ribeirolorena_10,33,da-rochapedro-miguel_33,2026-01-24T13:44:55.857867
10,ribeirolorena_10,40,igor68_40,2025-11-04T13:44:55.857870
10,ribeirolorena_10,12,mcassiano_12,2025-09-19T13:44:55.857872
10,ribeirolorena_10,37,da-conceicaoalicia_37,2026-01-06T13:44:55.857875
10,ribeirolorena_10,5,pgoncalves_5,2025-11-29T13:44:55.857877
10,ribeirolorena_10,44,mayaandrade_44,2025-07-01T13:44:55.857880
10,ribeirolorena_10,20,luiza98_20,2025-05-08T13:44:55.857882
10,ribeirolorena_10,47,rda-paz_47,2025-12-05T13:44:55.857885
10,ribeirolorena_10,3,novaesana-beatriz_3,2025-12-31T13:44:55.857888
10,ribeirolorena_10,39,maria-isismoreira_39,2025-06-03T13:44:55.857890
10,ribeirolorena_10,46,duartedaniel_46,2025-06-17T13:44:55.857893
10,ribeirolorena_10,26,teixeiragabrielly_26,2025-07-31T13:44:55.857895
10,ribeirolorena_10,22,cmacedo_22,2025-05-15T13:44:55.857898
10,ribeirolorena_10,29,maria-florsampaio_29,2025-04-04T13:44:55.857900
10,ribeirolorena_10,50,vda-rocha_50,2025-12-08T13:44:55.857903
11,aragaovalentina_11,34,maria-sophiada-mota_34,2025-05-19T13:44:55.857918
11,aragaovalentina_11,16,viniciuscastro_16,2025-03-29T13:44:55.857921
11,aragaovalentina_11,41,liamdas-neves_41,2025-06-26T13:44:55.857924
11,aragaovalentina_11,3,novaesana-beatriz_3,2025-12-13T13:44:55.857927
11,aragaovalentina_11,44,mayaandrade_44,2025-02-07T13:44:55.857929
11,aragaovalentina_11,35,da-cunhamaria-liz_35,2025-12-05T13:44:55.857932
11,aragaovalentina_11,21,natalia46_21,2025-03-03T13:44:55.857934
11,aragaovalentina_11,31,ucavalcanti_31,2025-03-05T13:44:55.857937
11,aragaovalentina_11,2,rfernandes_2,2025-04-25T13:44:55.857939
11,aragaovalentina_11,4,pereiraluigi_4,2025-10-14T13:44:55.857942
11,aragaovalentina_11,32,mariahcunha_32,2025-06-26T13:44:55.857945
11,aragaovalentina_11,27,goncalvesbenjamim_27,2025-06-15T13:44:55.857947
11,aragaovalentina_11,29,maria-florsampaio_29,2025-10-08T13:44:55.857950
11,aragaovalentina_11,7,natalia93_7,2025-07-05T13:44:55.857952
11,aragaovalentina_11,33,da-rochapedro-miguel_33,2025-08-12T13:44:55.857955
11,aragaovalentina_11,30,pastorryan_30,2025-06-14T13:44:55.857957
11,aragaovalentina_11,5,pgoncalves_5,2025-07-12T13:44:55.857960
11,aragaovalentina_11,6,qmoura_6,2025-07-04T13:44:55.857962
11,aragaovalentina_11,12,mcassiano_12,2025-12-15T13:44:55.857965
11,aragaovalentina_11,46,duartedaniel_46,2025-08-25T13:44:55.857967
11,aragaovalentina_11,50,vda-rocha_50,2025-06-28T13:44:55.857970
11,aragaovalentina_11,47,rda-paz_47,2025-08-25T13:44:55.857972
11,aragaovalentina_11,45,odias_45,2025-02-26T13:44:55.857975
11,aragaovalentina_11,9,anthony-gabrielbarbosa_9,2025-09-24T13:44:55.857977
11,aragaovalentina_11,43,ccassiano_43,2025-07-25T13:44:55.857980
11,aragaovalentina_11,22,cmacedo_22,2025-11-15T13:44:55.857982
11,aragaovalentina_11,20,luiza98_20,2025-02-15T13:44:55.857985
11,aragaovalentina_11,19,pietroalves_19,2025-06-04T13:44:55.857987
11,aragaovalentina_11,40,igor68_40,2025-12-29T13:44:55.857990
11,aragaovalentina_11,14,kpinto_14,2025-12-17T13:44:55.857992
11,aragaovalentina_11,18,luiz-gustavojesus_18,2025-12-20T13:44:55.857995
11,aragaovalentina_11,10,ribeirolorena_10,2025-12-16T13:44:55.857997
11,aragaovalentina_11,49,lunna09_49,2025-06-25T13:44:55.858000
12,mcassiano_12,49,lunna09_49,2025-07-06T13:44:55.858010
12,mcassiano_12,50,vda-rocha_50,2025-08-04T13:44:55.858013
12,mcassiano_12,25,raquel73_25,2025-02-26T13:44:55.858015
12,mcassiano_12,9,anthony-gabrielbarbosa_9,2025-06-30T13:44:55.858018
12,mcassiano_12,37,da-conceicaoalicia_37,2026-01-06T13:44:55.858021
12,mcassiano_12,4,pereiraluigi_4,2025-09-07T13:44:55.858023
12,mcassiano_12,39,maria-isismoreira_39,2025-03-31T13:44:55.858026
12,mcassiano_12,46,duartedaniel_46,2025-08-26T13:44:55.858029
12,mcassiano_12,43,ccassiano_43,2025-08-05T13:44:55.858031
12,mcassiano_12,23,oleao_23,2025-12-10T13:44:55.858034
12,mcassiano_12,8,jose-miguelribeiro_8,2025-04-12T13:44:55.858036
13,isiscampos_13,15,gustavo-henrique24_15,2025-08-11T13:44:55.858053
13,isiscampos_13,10,ribeirolorena_10,2025-11-13T13:44:55.858056
13,isiscampos_13,44,mayaandrade_44,2025-07-27T13:44:55.858059
13,isiscampos_13,32,mariahcunha_32,2025-08-26T13:44:55.858061
13,isiscampos_13,16,viniciuscastro_16,2025-08-19T13:44:55.858064
13,isiscampos_13,7,natalia93_7,2025-04-17T13:44:55.858066
13,isiscampos_13,24,jaragao_24,2025-04-02T13:44:55.858070
13,isiscampos_13,37,da-conceicaoalicia_37,2025-12-20T13:44:55.858072
13,isiscampos_13,25,raquel73_25,2026-01-06T13:44:55.858075
13,isiscampos_13,8,jose-miguelribeiro_8,2025-11-14T13:44:55.858077
13,isiscampos_13,19,pietroalves_19,2025-11-13T13:44:55.858080
13,isiscampos_13,38,luna17_38,2025-03-22T13:44:55.858082
13,isiscampos_13,46,duartedaniel_46,2026-01-07T13:44:55.858085
13,isiscampos_13,29,maria-florsampaio_29,2025-02-21T13:44:55.858087
13,isiscampos_13,2,rfernandes_2,2025-12-22T13:44:55.858090
13,isiscampos_13,40,igor68_40,2025-09-15T13:44:55.858092
13,isiscampos_13,36,rebecagarcia_36,2025-06-20T13:44:55.858095
13,isiscampos_13,12,mcassiano_12,2025-02-28T13:44:55.858097
13,isiscampos_13,9,anthony-gabrielbarbosa_9,2025-06-29T13:44:55.858100
13,isiscampos_13,48,ada-mota_48,2025-05-29T13:44:55.858102
13,isiscampos_13,26,teixeiragabrielly_26,2025-03-28T13:44:55.858105
13,isiscampos_13,49,lunna09_49,2025-06-20T13:44:55.858107
13,isiscampos_13,11,aragaovalentina_11,2025-07-04T13:44:55.858110
13,isiscampos_13,33,da-rochapedro-miguel_33,2025-09-15T13:44:55.858112
13,isiscampos_13,1,alvesyan_1,2025-10-14T13:44:55.858115
13,isiscampos_13,6,qmoura_6,2025-05-15T13:44:55.858117
13,isiscampos_13,5,pgoncalves_5,2025-12-05T13:44:55.858120
13,isiscampos_13,20,luiza98_20,2025-08-09T13:44:55.858123
13,isiscampos_13,14,kpinto_14,2025-06-26T13:44:55.858125
13,isiscampos_13,3,novaesana-beatriz_3,2025-12-07T13:44:55.858127
13,isiscampos_13,31,ucavalcanti_31,2025-09-09T13:44:55.858130
13,isiscampos_13,30,pastorryan_30,2025-02-19T13:44:55.858132
13,isiscampos_13,21,natalia46_21,2025-02-19T13:44:55.858135
13,isiscampos_13,45,odias_45,2025-04-04T13:44:55.858138
13,isiscampos_13,17,ccardoso_17,2025-05-28T13:44:55.858140
13,isiscampos_13,39,maria-isismoreira_39,2025-05-08T13:44:55.858143
13,isiscampos_13,41,liamdas-neves_41,2025-02-25T13:44:55.858145
14,kpinto_14,3,novaesana-beatriz_3,2025-04-21T13:44:55.858159
14,kpinto_14,16,viniciuscastro_16,2025-02-24T13:44:55.858161
14,kpinto_14,27,goncalvesbenjamim_27,2025-08-04T13:44:55.858164
14,kpinto_14,40,igor68_40,2025-12-27T13:44:55.858167
14,kpinto_14,4,pereiraluigi_4,2025-07-13T13:44:55.858169
14,kpinto_14,1,alvesyan_1,2026-01-11T13:44:55.858172
14,kpinto_14,15,gustavo-henrique24_15,2025-06-23T13:44:55.858174
14,kpinto_14,21,natalia46_21,2026-01-23T13:44:55.858177
14,kpinto_14,44,mayaandrade_44,2025-06-11T13:44:55.858179
14,kpinto_14,9,anthony-gabrielbarbosa_9,2025-12-24T13:44:55.858182
14,kpinto_14,18,luiz-gustavojesus_18,2025-08-25T13:44:55.858184
14,kpinto_14,20,luiza98_20,2025-04-13T13:44:55.858187
14,kpinto_14,22,cmacedo_22,2025-06-27T13:44:55.858189
14,kpinto_14,8,jose-miguelribeiro_8,2025-04-14T13:44:55.858192
14,kpinto_14,45,odias_45,2025-07-09T13:44:55.858194
14,kpinto_14,33,da-rochapedro-miguel_33,2025-02-03T13:44:55.858197
14,kpinto_14,29,maria-florsampaio_29,2025-03-11T13:44:55.858199
14,kpinto_14,12,mcassiano_12,2025-07-03T13:44:55.858202
14,kpinto_14,5,pgoncalves_5,2025-09-06T13:44:55.858205
14,kpinto_14,13,isiscampos_13,2025-12-05T13:44:55.858208
14,kpinto_14,19,pietroalves_19,2025-07-09T13:44:55.858210
14,kpinto_14,24,jaragao_24,2026-01-22T13:44:55.858213
14,kpinto_14,37,da-conceicaoalicia_37,2025-08-19T13:44:55.858215
14,kpinto_14,47,rda-paz_47,2025-11-06T13:44:55.858218
15,gustavo-henrique24_15,31,ucavalcanti_31,2025-04-11T13:44:55.858237
15,gustavo-henrique24_15,46,duartedaniel_46,2025-06-17T13:44:55.858240
15,gustavo-henrique24_15,25,raquel73_25,2025-02-18T13:44:55.858242
15,gustavo-henrique24_15,6,qmoura_6,2025-04-18T13:44:55.858245
15,gustavo-henrique24_15,29,maria-florsampaio_29,2025-03-09T13:44:55.858247
15,gustavo-henrique24_15,7,natalia93_7,2025-03-13T13:44:55.858250
15,gustavo-henrique24_15,17,ccardoso_17,2025-03-19T13:44:55.858252
15,gustavo-henrique24_15,49,lunna09_49,2025-08-20T13:44:55.858255
15,gustavo-henrique24_15,39,maria-isismoreira_39,2025-03-17T13:44:55.858257
15,gustavo-henrique24_15,27,goncalvesbenjamim_27,2025-08-24T13:44:55.858260
15,gustavo-henrique24_15,35,da-cunhamaria-liz_35,2025-11-16T13:44:55.858263
15,gustavo-henrique24_15,47,rda-paz_47,2025-06-21T13:44:55.858265
15,gustavo-henrique24_15,41,liamdas-neves_41,2025-12-29T13:44:55.858268
15,gustavo-henrique24_15,21,natalia46_21,2025-06-06T13:44:55.858270
15,gustavo-henrique24_15,23,oleao_23,2025-06-20T13:44:55.858273
15,gustavo-henrique24_15,16,viniciuscastro_16,2025-03-15T13:44:55.858275
15,gustavo-henrique24_15,36,rebecagarcia_36,2025-08-30T13:44:55.858278
15,gustavo-henrique24_15,11,aragaovalentina_11,2025-09-14T13:44:55.858280
15,gustavo-henrique24_15,3,novaesana-beatriz_3,2025-04-05T13:44:55.858283
15,gustavo-henrique24_15,18,luiz-gustavojesus_18,2026-01-04T13:44:55.858285
15,gustavo-henrique24_15,22,cmacedo_22,2025-08-05T13:44:55.858288
15,gustavo-henrique24_15,4,pereiraluigi_4,2025-05-18T13:44:55.858290
15,gustavo-henrique24_15,50,vda-rocha_50,2025-12-26T13:44:55.858293
15,gustavo-henrique24_15,28,souzavalentina_28,2025-08-27T13:44:55.858295
15,gustavo-henrique24_15,45,odias_45,2025-06-10T13:44:55.858298
15,gustavo-henrique24_15,12,mcassiano_12,2025-06-15T13:44:55.858300
15,gustavo-henrique24_15,48,ada-mota_48,2026-01-13T13:44:55.858303
15,gustavo-henrique24_15,30,pastorryan_30,2026-01-03T13:44:55.858305
15,gustavo-henrique24_15,5,pgoncalves_5,2025-07-28T13:44:55.858308
15,gustavo-henrique24_15,8,jose-miguelribeiro_8,2025-09-08T13:44:55.858310
15,gustavo-henrique24_15,43,ccassiano_43,2025-12-24T13:44:55.858313
15,gustavo-henrique24_15,34,maria-sophiada-mota_34,2025-03-08T13:44:55.858315
15,gustavo-henrique24_15,9,anthony-gabrielbarbosa_9,2025-12-17T13:44:55.858318
15,gustavo-henrique24_15,26,teixeiragabrielly_26,2025-03-24T13:44:55.858321
15,gustavo-henrique24_15,32,mariahcunha_32,2025-04-03T13:44:55.858324
15,gustavo-henrique24_15,10,ribeirolorena_10,2025-05-18T13:44:55.858326
15,gustavo-henrique24_15,40,igor68_40,2025-07-20T13:44:55.858329
15,gustavo-henrique24_15,33,da-rochapedro-miguel_33,2025-06-10T13:44:55.858331
15,gustavo-henrique24_15,2,rfernandes_2,2025-04-10T13:44:55.858334
15,gustavo-henrique24_15,13,isiscampos_13,2025-04-24T13:44:55.858336
15,gustavo-henrique24_15,37,da-conceicaoalicia_37,2026-01-11T13:44:55.858339
15,gustavo-henrique24_15,38,luna17_38,2025-06-16T13:44:55.858342
15,gustavo-henrique24_15,44,mayaandrade_44,2025-04-15T13:44:55.858344
15,gustavo-henrique24_15,19,pietroalves_19,2025-03-05T13:44:55.858347
16,viniciuscastro_16,22,cmacedo_22,2025-07-30T13:44:55.858359
16,viniciuscastro_16,40,igor68_40,2025-07-26T13:44:55.858362
16,viniciuscastro_16,32,mariahcunha_32,2025-09-10T13:44:55.858364
16,viniciuscastro_16,34,maria-sophiada-mota_34,2025-07-18T13:44:55.858367
16,viniciuscastro_16,10,ribeirolorena_10,2025-07-07T13:44:55.858370
16,viniciuscastro_16,4,pereiraluigi_4,2025-08-12T13:44:55.858372
16,viniciuscastro_16,30,pastorryan_30,2025-02-19T13:44:55.858375
16,viniciuscastro_16,7,natalia93_7,2025-04-01T13:44:55.858377
16,viniciuscastro_16,23,oleao_23,2026-01-06T13:44:55.858380
16,viniciuscastro_16,6,qmoura_6,2025-03-15T13:44:55.858382
16,viniciuscastro_16,47,rda-paz_47,2025-03-07T13:44:55.858385
16,viniciuscastro_16,12,mcassiano_12,2025-08-14T13:44:55.858387
16,viniciuscastro_16,3,novaesana-beatriz_3,2025-12-30T13:44:55.858390
16,viniciuscastro_16,17,ccardoso_17,2025-08-17T13:44:55.858392
16,viniciuscastro_16,44,mayaandrade_44,2025-12-15T13:44:55.858395
16,viniciuscastro_16,36,rebecagarcia_36,2025-04-22T13:44:55.858397
16,viniciuscastro_16,11,aragaovalentina_11,2025-02-19T13:44:55.858400
17,ccardoso_17,20,luiza98_20,2025-05-17T13:44:55.858415
17,ccardoso_17,18,luiz-gustavojesus_18,2025-07-31T13:44:55.858418
17,ccardoso_17,48,ada-mota_48,2026-01-23T13:44:55.858420
17,ccardoso_17,44,mayaandrade_44,2025-07-31T13:44:55.858423
17,ccardoso_17,40,igor68_40,2025-08-27T13:44:55.858425
17,ccardoso_17,10,ribeirolorena_10,2025-11-01T13:44:55.858428
17,ccardoso_17,23,oleao_23,2025-10-15T13:44:55.858430
17,ccardoso_17,6,qmoura_6,2025-08-11T13:44:55.858433
17,ccardoso_17,39,maria-isismoreira_39,2025-05-29T13:44:55.858436
17,ccardoso_17,45,odias_45,2025-10-26T13:44:55.858438
17,ccardoso_17,24,jaragao_24,2025-10-09T13:44:55.858441
17,ccardoso_17,21,natalia46_21,2025-11-23T13:44:55.858443
17,ccardoso_17,27,goncalvesbenjamim_27,2025-11-14T13:44:55.858446
17,ccardoso_17,9,anthony-gabrielbarbosa_9,2025-12-24T13:44:55.858449
17,ccardoso_17,43,ccassiano_43,2025-09-03T13:44:55.858451
17,ccardoso_17,42,dda-cruz_42,2025-12-12T13:44:55.858454
17,ccardoso_17,26,teixeiragabrielly_26,2025-05-18T13:44:55.858456
17,ccardoso_17,47,rda-paz_47,2025-05-01T13:44:55.858459
17,ccardoso_17,28,souzavalentina_28,2025-05-08T13:44:55.858462
17,ccardoso_17,5,pgoncalves_5,2026-01-13T13:44:55.858464
17,ccardoso_17,33,da-rochapedro-miguel_33,2025-02-28T13:44:55.858467
17,ccardoso_17,46,duartedaniel_46,2025-08-13T13:44:55.858469
17,ccardoso_17,32,mariahcunha_32,2025-03-22T13:44:55.858472
17,ccardoso_17,25,raquel73_25,2025-11-26T13:44:55.858474
17,ccardoso_17,30,pastorryan_30,2025-04-02T13:44:55.858477
17,ccardoso_17,49,lunna09_49,2025-07-24T13:44:55.858480
17,ccardoso_17,3,novaesana-beatriz_3,2025-11-15T13:44:55.858482
17,ccardoso_17,22,cmacedo_22,2025-11-10T13:44:55.858485
17,ccardoso_17,14,kpinto_14,2025-11-01T13:44:55.858487
18,luiz-gustavojesus_18,41,liamdas-neves_41,2025-12-17T13:44:55.858507
18,luiz-gustavojesus_18,11,aragaovalentina_11,2025-10-11T13:44:55.858510
18,luiz-gustavojesus_18,48,ada-mota_48,2025-06-16T13:44:55.858512
18,luiz-gustavojesus_18,30,pastorryan_30,2025-08-07T13:44:55.858515
18,luiz-gustavojesus_18,3,novaesana-beatriz_3,2026-01-19T13:44:55.858518
18,luiz-gustavojesus_18,28,souzavalentina_28,2025-07-04T13:44:55.858520
18,luiz-gustavojesus_18,25,raquel73_25,2026-01-05T13:44:55.858523
18,luiz-gustavojesus_18,16,viniciuscastro_16,2025-07-14T13:44:55.858525
18,luiz-gustavojesus_18,47,rda-paz_47,2025-05-20T13:44:55.858528
18,luiz-gustavojesus_18,50,vda-rocha_50,2025-07-25T13:44:55.858530
18,luiz-gustavojesus_18,20,luiza98_20,2025-10-04T13:44:55.858533
18,luiz-gustavojesus_18,42,dda-cruz_42,2025-07-19T13:44:55.858535
18,luiz-gustavojesus_18,15,gustavo-henrique24_15,2025-12-22T13:44:55.858538
18,luiz-gustavojesus_18,36,rebecagarcia_36,2025-07-25T13:44:55.858540
18,luiz-gustavojesus_18,43,ccassiano_43,2025-10-10T13:44:55.858543
18,luiz-gustavojesus_18,21,natalia46_21,2026-01-18T13:44:55.858545
18,luiz-gustavojesus_18,32,mariahcunha_32,2025-08-22T13:44:55.858548
18,luiz-gustavojesus_18,13,isiscampos_13,2025-12-13T13:44:55.858550
18,luiz-gustavojesus_18,12,mcassiano_12,2025-03-06T13:44:55.858553
18,luiz-gustavojesus_18,23,oleao_23,2025-08-14T13:44:55.858555
18,luiz-gustavojesus_18,40,igor68_40,2025-11-19T13:44:55.858558
18,luiz-gustavojesus_18,38,luna17_38,2025-11-23T13:44:55.858560
18,luiz-gustavojesus_18,29,maria-florsampaio_29,2026-01-13T13:44:55.858563
18,luiz-gustavojesus_18,26,teixeiragabrielly_26,2025-09-08T13:44:55.858565
18,luiz-gustavojesus_18,10,ribeirolorena_10,2025-06-05T13:44:55.858568
18,luiz-gustavojesus_18,33,da-rochapedro-miguel_33,2025-02-10T13:44:55.858570
18,luiz-gustavojesus_18,17,ccardoso_17,2025-11-22T13:44:55.858573
18,luiz-gustavojesus_18,24,jaragao_24,2025-02-05T13:44:55.858575
18,luiz-gustavojesus_18,14,kpinto_14,2025-06-06T13:44:55.858578
18,luiz-gustavojesus_18,6,qmoura_6,2025-06-17T13:44:55.858581
18,luiz-gustavojesus_18,7,natalia93_7,2025-03-23T13:44:55.858590
18,luiz-gustavojesus_18,5,pgoncalves_5,2026-01-30T13:44:55.858592
18,luiz-gustavojesus_18,9,anthony-gabrielbarbosa_9,2025-12-23T13:44:55.858595
18,luiz-gustavojesus_18,2,rfernandes_2,2026-01-23T13:44:55.858598
18,luiz-gustavojesus_18,49,lunna09_49,2025-09-23T13:44:55.858600
18,luiz-gustavojesus_18,8,jose-miguelribeiro_8,2025-10-14T13:44:55.858603
18,luiz-gustavojesus_18,35,da-cunhamaria-liz_35,2025-11-17T13:44:55.858605
18,luiz-gustavojesus_18,31,ucavalcanti_31,2025-04-27T13:44:55.858608
18,luiz-gustavojesus_18,37,da-conceicaoalicia_37,2025-03-27T13:44:55.858611
18,luiz-gustavojesus_18,34,maria-sophiada-mota_34,2025-05-07T13:44:55.858613
18,luiz-gustavojesus_18,45,odias_45,2025-06-30T13:44:55.858616
18,luiz-gustavojesus_18,19,pietroalves_19,2025-12-07T13:44:55.858618
18,luiz-gustavojesus_18,1,alvesyan_1,2025-09-07T13:44:55.858621
18,luiz-gustavojesus_18,27,goncalvesbenjamim_27,2025-10-03T13:44:55.858624
18,luiz-gustavojesus_18,46,duartedaniel_46,2025-08-31T13:44:55.858626
18,luiz-gustavojesus_18,4,pereiraluigi_4,2025-12-01T13:44:55.858629
18,luiz-gustavojesus_18,22,cmacedo_22,2026-01-08T13:44:55.858631
18,luiz-gustavojesus_18,39,maria-isismoreira_39,2025-10-02T13:44:55.858634
18,luiz-gustavojesus_18,44,mayaandrade_44,2025-07-02T13:44:55.858636
19,pietroalves_19,41,liamdas-neves_41,2025-10-01T13:44:55.858655
19,pietroalves_19,31,ucavalcanti_31,2025-03-02T13:44:55.858658
19,pietroalves_19,5,pgoncalves_5,2025-03-17T13:44:55.858661
19,pietroalves_19,8,jose-miguelribeiro_8,2025-12-10T13:44:55.858664
19,pietroalves_19,33,da-rochapedro-miguel_33,2025-04-10T13:44:55.858666
19,pietroalves_19,40,igor68_40,2025-08-15T13:44:55.858669
19,pietroalves_19,36,rebecagarcia_36,2025-11-25T13:44:55.858671
19,pietroalves_19,2,rfernandes_2,2026-01-10T13:44:55.858674
19,pietroalves_19,42,dda-cruz_42,2025-08-05T13:44:55.858676
19,pietroalves_19,34,maria-sophiada-mota_34,2025-04-28T13:44:55.858679
19,pietroalves_19,38,luna17_38,2025-08-12T13:44:55.858681
19,pietroalves_19,16,viniciuscastro_16,2025-03-09T13:44:55.858684
19,pietroalves_19,10,ribeirolorena_10,2025-11-04T13:44:55.858686
19,pietroalves_19,20,luiza98_20,2025-02-16T13:44:55.858689
19,pietroalves_19,29,maria-florsampaio_29,2025-06-09T13:44:55.858692
19,pietroalves_19,1,alvesyan_1,2025-02-10T13:44:55.858694
19,pietroalves_19,24,jaragao_24,2025-06-01T13:44:55.858697
19,pietroalves_19,39,maria-isismoreira_39,2025-03-15T13:44:55.858699
19,pietroalves_19,37,da-conceicaoalicia_37,2025-10-31T13:44:55.858702
19,pietroalves_19,14,kpinto_14,2025-11-24T13:44:55.858704
19,pietroalves_19,6,qmoura_6,2025-12-31T13:44:55.858707
19,pietroalves_19,23,oleao_23,2025-06-12T13:44:55.858709
19,pietroalves_19,44,mayaandrade_44,2026-01-14T13:44:55.858712
19,pietroalves_19,3,novaesana-beatriz_3,2025-09-04T13:44:55.858714
19,pietroalves_19,17,ccardoso_17,2025-10-21T13:44:55.858717
19,pietroalves_19,12,mcassiano_12,2026-01-10T13:44:55.858719
19,pietroalves_19,27,goncalvesbenjamim_27,2025-10-22T13:44:55.858722
19,pietroalves_19,26,teixeiragabrielly_26,2026-01-11T13:44:55.858724
19,pietroalves_19,18,luiz-gustavojesus_18,2025-08-24T13:44:55.858727
19,pietroalves_19,28,souzavalentina_28,2025-08-27T13:44:55.858729
19,pietroalves_19,21,natalia46_21,2025-05-14T13:44:55.858732
19,pietroalves_19,22,cmacedo_22,2025-07-13T13:44:55.858735
19,pietroalves_19,35,da-cunhamaria-liz_35,2025-04-29T13:44:55.858737
19,pietroalves_19,13,isiscampos_13,2025-06-04T13:44:55.858740
19,pietroalves_19,49,lunna09_49,2025-09-25T13:44:55.858742
19,pietroalves_19,47,rda-paz_47,2026-01-14T13:44:55.858745
19,pietroalves_19,32,mariahcunha_32,2025-03-07T13:44:55.858747
19,pietroalves_19,11,aragaovalentina_11,2025-10-27T13:44:55.858750
19,pietroalves_19,7,natalia93_7,2025-09-08T13:44:55.858752
19,pietroalves_19,30,pastorryan_30,2025-08-03T13:44:55.858755
19,pietroalves_19,48,ada-mota_48,2026-01-08T13:44:55.858757
19,pietroalves_19,46,duartedaniel_46,2025-03-03T13:44:55.858760
19,pietroalves_19,50,vda-rocha_50,2025-08-16T13:44:55.858763
19,pietroalves_19,15,gustavo-henrique24_15,2025-09-15T13:44:55.858765
19,pietroalves_19,25,raquel73_25,2025-11-30T13:44:55.858768
20,luiza98_20,29,maria-florsampaio_29,2025-11-08T13:44:55.858783
20,luiza98_20,27,goncalvesbenjamim_27,2025-02-13T13:44:55.858785
20,luiza98_20,30,pastorryan_30,2025-06-19T13:44:55.858788
20,luiza98_20,26,teixeiragabrielly_26,2025-08-06T13:44:55.858791
20,luiza98_20,23,oleao_23,2025-06-18T13:44:55.858793
20,luiza98_20,12,mcassiano_12,2026-01-11T13:44:55.858796
20,luiza98_20,33,da-rochapedro-miguel_33,2025-08-05T13:44:55.858798
20,luiza98_20,44,mayaandrade_44,2025-03-24T13:44:55.858801
20,luiza98_20,25,raquel73_25,2025-06-24T13:44:55.858803
20,luiza98_20,35,da-cunhamaria-liz_35,2025-09-14T13:44:55.858806
20,luiza98_20,18,luiz-gustavojesus_18,2025-03-11T13:44:55.858808
20,luiza98_20,6,qmoura_6,2026-01-03T13:44:55.858811
20,luiza98_20,50,vda-rocha_50,2025-12-25T13:44:55.858814
20,luiza98_20,39,maria-isismoreira_39,2025-02-23T13:44:55.858817
20,luiza98_20,38,luna17_38,2025-03-12T13:44:55.858820
20,luiza98_20,45,odias_45,2025-07-09T13:44:55.858823
20,luiza98_20,19,pietroalves_19,2025-07-30T13:44:55.858826
20,luiza98_20,22,cmacedo_22,2025-05-15T13:44:55.858829
20,luiza98_20,4,pereiraluigi_4,2025-02-19T13:44:55.858831
20,luiza98_20,3,novaesana-beatriz_3,2025-11-12T13:44:55.858834
20,luiza98_20,11,aragaovalentina_11,2026-01-17T13:44:55.858836
20,luiza98_20,46,duartedaniel_46,2025-11-20T13:44:55.858839
20,luiza98_20,10,ribeirolorena_10,2025-03-27T13:44:55.858841
20,luiza98_20,28,souzavalentina_28,2025-02-19T13:44:55.858844
20,luiza98_20,15,gustavo-henrique24_15,2025-06-22T13:44:55.858847
20,luiza98_20,21,natalia46_21,2026-01-15T13:44:55.858849
20,luiza98_20,24,jaragao_24,2025-11-29T13:44:55.858852
20,luiza98_20,14,kpinto_14,2025-12-29T13:44:55.858854
21,natalia46_21,43,ccassiano_43,2025-09-27T13:44:55.858867
21,natalia46_21,25,raquel73_25,2025-12-05T13:44:55.858870
21,natalia46_21,49,lunna09_49,2026-01-19T13:44:55.858872
21,natalia46_21,26,teixeiragabrielly_26,2025-10-29T13:44:55.858875
21,natalia46_21,38,luna17_38,2025-05-22T13:44:55.858878
21,natalia46_21,3,novaesana-beatriz_3,2025-05-12T13:44:55.858880
21,natalia46_21,40,igor68_40,2025-07-18T13:44:55.858883
21,natalia46_21,10,ribeirolorena_10,2025-04-20T13:44:55.858885
21,natalia46_21,30,pastorryan_30,2025-12-03T13:44:55.858888
21,natalia46_21,48,ada-mota_48,2025-09-20T13:44:55.858890
21,natalia46_21,41,liamdas-neves_41,2025-09-21T13:44:55.858893
21,natalia46_21,42,dda-cruz_42,2025-02-06T13:44:55.858895
21,natalia46_21,5,pgoncalves_5,2025-06-18T13:44:55.858898
21,natalia46_21,9,anthony-gabrielbarbosa_9,2025-10-15T13:44:55.858900
21,natalia46_21,35,da-cunhamaria-liz_35,2025-03-25T13:44:55.858903
21,natalia46_21,44,mayaandrade_44,2025-09-08T13:44:55.858905
21,natalia46_21,27,goncalvesbenjamim_27,2025-02-11T13:44:55.858908
21,natalia46_21,22,cmacedo_22,2025-05-26T13:44:55.858910
21,natalia46_21,33,da-rochapedro-miguel_33,2025-10-22T13:44:55.858913
21,natalia46_21,37,da-conceicaoalicia_37,2025-12-01T13:44:55.858916
22,cmacedo_22,5,pgoncalves_5,2025-11-13T13:44:55.858927
22,cmacedo_22,30,pastorryan_30,2025-02-02T13:44:55.858930
22,cmacedo_22,12,mcassiano_12,2025-02-03T13:44:55.858933
22,cmacedo_22,47,rda-paz_47,2025-02-08T13:44:55.858935
22,cmacedo_22,49,lunna09_49,2025-03-12T13:44:55.858938
22,cmacedo_22,6,qmoura_6,2025-11-04T13:44:55.858941
22,cmacedo_22,21,natalia46_21,2025-07-31T13:44:55.858943
22,cmacedo_22,24,jaragao_24,2025-05-17T13:44:55.858946
22,cmacedo_22,50,vda-rocha_50,2025-10-10T13:44:55.858948
22,cmacedo_22,37,da-conceicaoalicia_37,2025-12-01T13:44:55.858951
22,cmacedo_22,36,rebecagarcia_36,2025-10-22T13:44:55.858953
22,cmacedo_22,19,pietroalves_19,2025-11-22T13:44:55.858956
22,cmacedo_22,20,luiza98_20,2025-10-03T13:44:55.858958
23,oleao_23,2,rfernandes_2,2025-05-12T13:44:55.858976
23,oleao_23,25,raquel73_25,2025-11-15T13:44:55.858978
23,oleao_23,37,da-conceicaoalicia_37,2025-08-30T13:44:55.858981
23,oleao_23,38,luna17_38,2025-11-09T13:44:55.858983
23,oleao_23,49,lunna09_49,2025-11-11T13:44:55.858986
23,oleao_23,31,ucavalcanti_31,2025-08-20T13:44:55.858989
23,oleao_23,48,ada-mota_48,2025-02-03T13:44:55.858991
23,oleao_23,9,anthony-gabrielbarbosa_9,2025-10-09T13:44:55.858994
23,oleao_23,41,liamdas-neves_41,2025-08-08T13:44:55.858997
23,oleao_23,6,qmoura_6,2025-05-12T13:44:55.858999
23,oleao_23,5,pgoncalves_5,2025-09-09T13:44:55.859002
23,oleao_23,20,luiza98_20,2025-12-23T13:44:55.859004
23,oleao_23,27,goncalvesbenjamim_27,2025-09-26T13:44:55.859007
23,oleao_23,32,mariahcunha_32,2025-10-24T13:44:55.859010
23,oleao_23,35,da-cunhamaria-liz_35,2025-03-13T13:44:55.859012
23,oleao_23,28,souzavalentina_28,2025-04-25T13:44:55.859015
23,oleao_23,36,rebecagarcia_36,2025-09-14T13:44:55.859017
23,oleao_23,40,igor68_40,2025-11-29T13:44:55.859020
23,oleao_23,33,da-rochapedro-miguel_33,2025-03-18T13:44:55.859023
23,oleao_23,11,aragaovalentina_11,2025-08-30T13:44:55.859025
23,oleao_23,21,natalia46_21,2025-03-24T13:44:55.859028
23,oleao_23,3,novaesana-beatriz_3,2025-05-04T13:44:55.859031
23,oleao_23,15,gustavo-henrique24_15,2025-12-16T13:44:55.859033
23,oleao_23,34,maria-sophiada-mota_34,2025-05-20T13:44:55.859036
23,oleao_23,22,cmacedo_22,2025-03-10T13:44:55.859038
23,oleao_23,17,ccardoso_17,2025-11-07T13:44:55.859041
23,oleao_23,12,mcassiano_12,2025-04-04T13:44:55.859043
23,oleao_23,44,mayaandrade_44,2025-04-10T13:44:55.859046
23,oleao_23,18,luiz-gustavojesus_18,2025-11-15T13:44:55.859048
23,oleao_23,19,pietroalves_19,2025-11-06T13:44:55.859051
23,oleao_23,42,dda-cruz_42,2025-03-01T13:44:55.859053
23,oleao_23,26,teixeiragabrielly_26,2025-03-19T13:44:55.859056
23,oleao_23,14,kpinto_14,2025-03-29T13:44:55.859058
23,oleao_23,50,vda-rocha_50,2025-08-13T13:44:55.859061
23,oleao_23,46,duartedaniel_46,2025-04-19T13:44:55.859063
23,oleao_23,16,viniciuscastro_16,2026-01-11T13:44:55.859066
24,jaragao_24,6,qmoura_6,2025-10-17T13:44:55.859075
24,jaragao_24,3,novaesana-beatriz_3,2025-04-15T13:44:55.859078
24,jaragao_24,43,ccassiano_43,2025-07-03T13:44:55.859081
24,jaragao_24,38,luna17_38,2025-03-22T13:44:55.859083
24,jaragao_24,17,ccardoso_17,2025-03-11T13:44:55.859086
24,jaragao_24,48,ada-mota_48,2026-01-17T13:44:55.859088
25,raquel73_25,42,dda-cruz_42,2025-09-18T13:44:55.859104
25,raquel73_25,36,rebecagarcia_36,2025-06-16T13:44:55.859107
25,raquel73_25,19,pietroalves_19,2025-09-28T13:44:55.859109
25,raquel73_25,43,ccassiano_43,2025-11-21T13:44:55.859112
25,raquel73_25,20,luiza98_20,2025-12-14T13:44:55.859114
25,raquel73_25,32,mariahcunha_32,2026-01-07T13:44:55.859117
25,raquel73_25,16,viniciuscastro_16,2025-09-06T13:44:55.859119
25,raquel73_25,27,goncalvesbenjamim_27,2025-07-20T13:44:55.859122
25,raquel73_25,46,duartedaniel_46,2025-03-23T13:44:55.859125
25,raquel73_25,31,ucavalcanti_31,2025-07-02T13:44:55.859128
25,raquel73_25,5,pgoncalves_5,2025-09-27T13:44:55.859130
25,raquel73_25,4,pereiraluigi_4,2025-11-12T13:44:55.859133
25,raquel73_25,11,aragaovalentina_11,2025-08-18T13:44:55.859135
25,raquel73_25,30,pastorryan_30,2025-04-12T13:44:55.859138
25,raquel73_25,28,souzavalentina_28,2025-08-25T13:44:55.859141
25,raquel73_25,45,odias_45,2025-10-27T13:44:55.859143
25,raquel73_25,41,liamdas-neves_41,2025-11-12T13:44:55.859146
25,raquel73_25,14,kpinto_14,2025-05-22T13:44:55.859148
25,raquel73_25,38,luna17_38,2025-05-14T13:44:55.859151
25,raquel73_25,50,vda-rocha_50,2025-06-07T13:44:55.859154
25,raquel73_25,40,igor68_40,2025-05-22T13:44:55.859156
25,raquel73_25,35,da-cunhamaria-liz_35,2025-08-28T13:44:55.859158
25,raquel73_25,23,oleao_23,2025-05-23T13:44:55.859161
25,raquel73_25,29,maria-florsampaio_29,2026-01-21T13:44:55.859164
25,raquel73_25,24,jaragao_24,2025-12-17T13:44:55.859166
25,raquel73_25,12,mcassiano_12,2025-07-15T13:44:55.859169
25,raquel73_25,13,isiscampos_13,2025-05-19T13:44:55.859171
25,raquel73_25,37,da-conceicaoalicia_37,2025-06-12T13:44:55.859174
25,raquel73_25,26,teixeiragabrielly_26,2025-10-01T13:44:55.859176
25,raquel73_25,17,ccardoso_17,2025-10-14T13:44:55.859179
25,raquel73_25,18,luiz-gustavojesus_18,2025-04-09T13:44:55.859181
25,raquel73_25,39,maria-isismoreira_39,2025-08-05T13:44:55.859184
25,raquel73_25,47,rda-paz_47,2026-01-08T13:44:55.859186
25,raquel73_25,8,jose-miguelribeiro_8,2026-01-07T13:44:55.859189
25,raquel73_25,44,mayaandrade_44,2025-09-10T13:44:55.859191
25,raquel73_25,2,rfernandes_2,2025-05-24T13:44:55.859194
26,teixeiragabrielly_26,43,ccassiano_43,2026-01-12T13:44:55.859211
26,teixeiragabrielly_26,45,odias_45,2026-01-09T13:44:55.859214
26,teixeiragabrielly_26,32,mariahcunha_32,2026-01-13T13:44:55.859217
26,teixeiragabrielly_26,19,pietroalves_19,2025-11-23T13:44:55.859220
26,teixeiragabrielly_26,36,rebecagarcia_36,2025-08-15T13:44:55.859222
26,teixeiragabrielly_26,1,alvesyan_1,2025-06-04T13:44:55.859225
26,teixeiragabrielly_26,7,natalia93_7,2025-05-12T13:44:55.859228
26,teixeiragabrielly_26,29,maria-florsampaio_29,2025-06-13T13:44:55.859230
26,teixeiragabrielly_26,9,anthony-gabrielbarbosa_9,2025-11-17T13:44:55.859233
26,teixeiragabrielly_26,17,ccardoso_17,2025-03-28T13:44:55.859235
26,teixeiragabrielly_26,24,jaragao_24,2025-05-14T13:44:55.859238
26,teixeiragabrielly_26,27,goncalvesbenjamim_27,2025-11-22T13:44:55.859240
26,teixeiragabrielly_26,40,igor68_40,2025-08-18T13:44:55.859243
26,teixeiragabrielly_26,3,novaesana-beatriz_3,2025-03-25T13:44:55.859245
26,teixeiragabrielly_26,39,maria-isismoreira_39,2025-08-22T13:44:55.859248
26,teixeiragabrielly_26,4,pereiraluigi_4,2025-11-10T13:44:55.859250
26,teixeiragabrielly_26,13,isiscampos_13,2025-07-15T13:44:55.859253
26,teixeiragabrielly_26,38,luna17_38,2025-03-23T13:44:55.859255
26,teixeiragabrielly_26,18,luiz-gustavojesus_18,2025-09-01T13:44:55.859258
26,teixeiragabrielly_26,10,ribeirolorena_10,2025-04-04T13:44:55.859260
26,teixeiragabrielly_26,37,da-conceicaoalicia_37,2025-08-13T13:44:55.859263
26,teixeiragabrielly_26,34,maria-sophiada-mota_34,2025-05-18T13:44:55.859266
26,teixeiragabrielly_26,41,liamdas-neves_41,2025-05-17T13:44:55.859268
26,teixeiragabrielly_26,15,gustavo-henrique24_15,2025-05-05T13:44:55.859271
26,teixeiragabrielly_26,25,raquel73_25,2025-05-27T13:44:55.859273
26,teixeiragabrielly_26,48,ada-mota_48,2025-02-04T13:44:55.859276
26,teixeiragabrielly_26,42,dda-cruz_42,2025-04-19T13:44:55.859278
26,teixeiragabrielly_26,20,luiza98_20,2025-09-01T13:44:55.859281
26,teixeiragabrielly_26,22,cmacedo_22,2025-06-03T13:44:55.859284
26,teixeiragabrielly_26,35,da-cunhamaria-liz_35,2026-01-24T13:44:55.859286
26,teixeiragabrielly_26,5,pgoncalves_5,2025-07-28T13:44:55.859289
26,teixeiragabrielly_26,21,natalia46_21,2025-08-16T13:44:55.859291
26,teixeiragabrielly_26,50,vda-rocha_50,2025-02-22T13:44:55.859294
26,teixeiragabrielly_26,12,mcassiano_12,2025-12-07T13:44:55.859296
26,teixeiragabrielly_26,28,souzavalentina_28,2025-07-03T13:44:55.859299
26,teixeiragabrielly_26,6,qmoura_6,2025-04-09T13:44:55.859302
26,teixeiragabrielly_26,23,oleao_23,2025-08-28T13:44:55.859304
26,teixeiragabrielly_26,14,kpinto_14,2025-02-14T13:44:55.859307
26,teixeiragabrielly_26,30,pastorryan_30,2025-03-16T13:44:55.859310
26,teixeiragabrielly_26,33,da-rochapedro-miguel_33,2026-01-19T13:44:55.859312
26,teixeiragabrielly_26,46,duartedaniel_46,2025-04-02T13:44:55.859315
26,teixeiragabrielly_26,44,mayaandrade_44,2025-06-04T13:44:55.859317
26,teixeiragabrielly_26,47,rda-paz_47,2025-09-19T13:44:55.859320
27,goncalvesbenjamim_27,39,maria-isismoreira_39,2025-10-26T13:44:55.859339
27,goncalvesbenjamim_27,38,luna17_38,2025-09-28T13:44:55.859342
27,goncalvesbenjamim_27,15,gustavo-henrique24_15,2025-09-12T13:44:55.859344
27,goncalvesbenjamim_27,4,pereiraluigi_4,2025-04-22T13:44:55.859347
27,goncalvesbenjamim_27,50,vda-rocha_50,2025-09-02T13:44:55.859349
27,goncalvesbenjamim_27,32,mariahcunha_32,2025-10-09T13:44:55.859352
27,goncalvesbenjamim_27,11,aragaovalentina_11,2025-09-02T13:44:55.859354
27,goncalvesbenjamim_27,35,da-cunhamaria-liz_35,2025-09-07T13:44:55.859357
27,goncalvesbenjamim_27,42,dda-cruz_42,2025-02-06T13:44:55.859360
27,goncalvesbenjamim_27,41,liamdas-neves_41,2025-10-18T13:44:55.859362
27,goncalvesbenjamim_27,25,raquel73_25,2025-02-13T13:44:55.859365
27,goncalvesbenjamim_27,10,ribeirolorena_10,2025-02-06T13:44:55.859367
27,goncalvesbenjamim_27,16,viniciuscastro_16,2025-05-27T13:44:55.859370
27,goncalvesbenjamim_27,3,novaesana-beatriz_3,2025-08-23T13:44:55.859373
27,goncalvesbenjamim_27,8,jose-miguelribeiro_8,2025-06-01T13:44:55.859375
27,goncalvesbenjamim_27,13,isiscampos_13,2025-08-07T13:44:55.859378
27,goncalvesbenjamim_27,2,rfernandes_2,2025-04-21T13:44:55.859380
27,goncalvesbenjamim_27,30,pastorryan_30,2025-09-14T13:44:55.859383
27,goncalvesbenjamim_27,44,mayaandrade_44,2025-09-07T13:44:55.859386
27,goncalvesbenjamim_27,14,kpinto_14,2025-12-01T13:44:55.859388
27,goncalvesbenjamim_27,5,pgoncalves_5,2025-04-14T13:44:55.859391
27,goncalvesbenjamim_27,31,ucavalcanti_31,2025-02-20T13:44:55.859393
27,goncalvesbenjamim_27,23,oleao_23,2025-04-29T13:44:55.859396
27,goncalvesbenjamim_27,7,natalia93_7,2025-07-22T13:44:55.859398
27,goncalvesbenjamim_27,29,maria-florsampaio_29,2025-07-14T13:44:55.859401
27,goncalvesbenjamim_27,17,ccardoso_17,2025-08-09T13:44:55.859403
27,goncalvesbenjamim_27,20,luiza98_20,2025-11-19T13:44:55.859406
27,goncalvesbenjamim_27,49,lunna09_49,2025-09-06T13:44:55.859408
27,goncalvesbenjamim_27,34,maria-sophiada-mota_34,2026-01-11T13:44:55.859411
27,goncalvesbenjamim_27,33,da-rochapedro-miguel_33,2025-09-07T13:44:55.859413
27,goncalvesbenjamim_27,24,jaragao_24,2025-12-23T13:44:55.859416
27,goncalvesbenjamim_27,26,teixeiragabrielly_26,2025-08-08T13:44:55.859419
27,goncalvesbenjamim_27,45,odias_45,2025-06-20T13:44:55.859421
27,goncalvesbenjamim_27,22,cmacedo_22,2025-03-03T13:44:55.859424
27,goncalvesbenjamim_27,9,anthony-gabrielbarbosa_9,2025-09-23T13:44:55.859426
27,goncalvesbenjamim_27,18,luiz-gustavojesus_18,2025-06-01T13:44:55.859429
27,goncalvesbenjamim_27,6,qmoura_6,2025-10-15T13:44:55.859432
27,goncalvesbenjamim_27,37,da-conceicaoalicia_37,2025-10-21T13:44:55.859434
27,goncalvesbenjamim_27,36,rebecagarcia_36,2025-05-02T13:44:55.859437
27,goncalvesbenjamim_27,48,ada-mota_48,2025-09-16T13:44:55.859439
27,goncalvesbenjamim_27,43,ccassiano_43,2025-04-20T13:44:55.859442
27,goncalvesbenjamim_27,46,duartedaniel_46,2025-02-10T13:44:55.859444
27,goncalvesbenjamim_27,19,pietroalves_19,2025-09-15T13:44:55.859447
27,goncalvesbenjamim_27,40,igor68_40,2025-11-23T13:44:55.859449
27,goncalvesbenjamim_27,12,mcassiano_12,2025-12-08T13:44:55.859452
27,goncalvesbenjamim_27,47,rda-paz_47,2025-03-23T13:44:55.859454
28,souzavalentina_28,16,viniciuscastro_16,2026-01-13T13:44:55.859474
28,souzavalentina_28,50,vda-rocha_50,2026-01-28T13:44:55.859476
28,souzavalentina_28,4,pereiraluigi_4,2025-09-02T13:44:55.859479
28,souzavalentina_28,44,mayaandrade_44,2025-04-17T13:44:55.859482
28,souzavalentina_28,35,da-cunhamaria-liz_35,2025-03-30T13:44:55.859484
28,souzavalentina_28,15,gustavo-henrique24_15,2025-12-09T13:44:55.859487
28,souzavalentina_28,42,dda-cruz_42,2025-08-14T13:44:55.859489
28,souzavalentina_28,45,odias_45,2025-09-09T13:44:55.859492
28,souzavalentina_28,48,ada-mota_48,2025-06-14T13:44:55.859495
28,souzavalentina_28,7,natalia93_7,2025-03-10T13:44:55.859497
28,souzavalentina_28,27,goncalvesbenjamim_27,2025-04-29T13:44:55.859500
28,souzavalentina_28,22,cmacedo_22,2025-05-09T13:44:55.859502
28,souzavalentina_28,32,mariahcunha_32,2025-05-25T13:44:55.859505
28,souzavalentina_28,41,liamdas-neves_41,2025-11-25T13:44:55.859507
28,souzavalentina_28,9,anthony-gabrielbarbosa_9,2025-05-19T13:44:55.859510
28,souzavalentina_28,1,alvesyan_1,2025-06-07T13:44:55.859513
28,souzavalentina_28,11,aragaovalentina_11,2025-09-15T13:44:55.859515
28,souzavalentina_28,40,igor68_40,2025-10-26T13:44:55.859518
28,souzavalentina_28,21,natalia46_21,2025-12-06T13:44:55.859520
28,souzavalentina_28,31,ucavalcanti_31,2025-08-16T13:44:55.859523
28,souzavalentina_28,30,pastorryan_30,2025-11-10T13:44:55.859525
28,souzavalentina_28,49,lunna09_49,2025-06-12T13:44:55.859529
28,souzavalentina_28,29,maria-florsampaio_29,2025-03-07T13:44:55.859531
28,souzavalentina_28,38,luna17_38,2025-09-23T13:44:55.859534
28,souzavalentina_28,37,da-conceicaoalicia_37,2025-10-29T13:44:55.859536
28,souzavalentina_28,10,ribeirolorena_10,2026-01-25T13:44:55.859539
28,souzavalentina_28,34,maria-sophiada-mota_34,2025-08-13T13:44:55.859541
28,souzavalentina_28,24,jaragao_24,2025-09-03T13:44:55.859544
28,souzavalentina_28,26,teixeiragabrielly_26,2025-04-17T13:44:55.859546
28,souzavalentina_28,2,rfernandes_2,2025-02-21T13:44:55.859549
28,souzavalentina_28,3,novaesana-beatriz_3,2025-10-26T13:44:55.859551
28,souzavalentina_28,8,jose-miguelribeiro_8,2025-11-04T13:44:55.859554
28,souzavalentina_28,20,luiza98_20,2025-03-26T13:44:55.859557
28,souzavalentina_28,6,qmoura_6,2025-03-11T13:44:55.859559
28,souzavalentina_28,25,raquel73_25,2025-07-09T13:44:55.859562
28,souzavalentina_28,14,kpinto_14,2025-06-28T13:44:55.859564
28,souzavalentina_28,19,pietroalves_19,2025-05-14T13:44:55.859567
28,souzavalentina_28,46,duartedaniel_46,2025-08-18T13:44:55.859569
28,souzavalentina_28,43,ccassiano_43,2025-12-19T13:44:55.859572
28,souzavalentina_28,18,luiz-gustavojesus_18,2025-07-11T13:44:55.859574
28,souzavalentina_28,13,isiscampos_13,2025-02-24T13:44:55.859577
28,souzavalentina_28,5,pgoncalves_5,2025-12-15T13:44:55.859580
29,maria-florsampaio_29,9,anthony-gabrielbarbosa_9,2025-02-12T13:44:55.859598
29,maria-florsampaio_29,32,mariahcunha_32,2025-10-04T13:44:55.859601
29,maria-florsampaio_29,21,natalia46_21,2026-01-01T13:44:55.859604
29,maria-florsampaio_29,16,viniciuscastro_16,2025-02-25T13:44:55.859606
29,maria-florsampaio_29,1,alvesyan_1,2025-12-03T13:44:55.859609
29,maria-florsampaio_29,17,ccardoso_17,2025-06-08T13:44:55.859612
29,maria-florsampaio_29,25,raquel73_25,2025-08-28T13:44:55.859614
29,maria-florsampaio_29,47,rda-paz_47,2025-11-12T13:44:55.859617
29,maria-florsampaio_29,30,pastorryan_30,2025-07-09T13:44:55.859619
29,maria-florsampaio_29,18,luiz-gustavojesus_18,2025-02-15T13:44:55.859622
29,maria-florsampaio_29,22,cmacedo_22,2025-05-20T13:44:55.859624
29,maria-florsampaio_29,20,luiza98_20,2025-02-06T13:44:55.859627
29,maria-florsampaio_29,38,luna17_38,2025-08-26T13:44:55.859630
29,maria-florsampaio_29,46,duartedaniel_46,2025-02-13T13:44:55.859632
29,maria-florsampaio_29,45,odias_45,2025-12-03T13:44:55.859635
29,maria-florsampaio_29,24,jaragao_24,2025-03-11T13:44:55.859637
30,pastorryan_30,24,jaragao_24,2025-12-06T13:44:55.859651
30,pastorryan_30,41,liamdas-neves_41,2026-01-01T13:44:55.859654
30,pastorryan_30,15,gustavo-henrique24_15,2025-04-27T13:44:55.859656
30,pastorryan_30,48,ada-mota_48,2025-05-19T13:44:55.859659
30,pastorryan_30,9,anthony-gabrielbarbosa_9,2025-10-21T13:44:55.859662
30,pastorryan_30,32,mariahcunha_32,2025-04-14T13:44:55.859664
30,pastorryan_30,10,ribeirolorena_10,2025-05-03T13:44:55.859667
30,pastorryan_30,31,ucavalcanti_31,2025-11-17T13:44:55.859669
30,pastorryan_30,40,igor68_40,2025-11-09T13:44:55.859672
30,pastorryan_30,50,vda-rocha_50,2025-08-18T13:44:55.859675
30,pastorryan_30,27,goncalvesbenjamim_27,2025-05-11T13:44:55.859677
30,pastorryan_30,37,da-conceicaoalicia_37,2025-06-20T13:44:55.859680
30,pastorryan_30,45,odias_45,2025-12-04T13:44:55.859682
30,pastorryan_30,36,rebecagarcia_36,2025-02-18T13:44:55.859685
30,pastorryan_30,14,kpinto_14,2025-10-19T13:44:55.859687
30,pastorryan_30,16,viniciuscastro_16,2025-04-09T13:44:55.859690
30,pastorryan_30,6,qmoura_6,2025-05-27T13:44:55.859692
30,pastorryan_30,29,maria-florsampaio_29,2025-12-17T13:44:55.859695
30,pastorryan_30,17,ccardoso_17,2025-05-16T13:44:55.859697
30,pastorryan_30,23,oleao_23,2025-06-18T13:44:55.859700
30,pastorryan_30,12,mcassiano_12,2026-01-04T13:44:55.859702
30,pastorryan_30,3,novaesana-beatriz_3,2025-06-14T13:44:55.859705
30,pastorryan_30,19,pietroalves_19,2025-11-26T13:44:55.859707
31,ucavalcanti_31,27,goncalvesbenjamim_27,2025-02-28T13:44:55.859724
31,ucavalcanti_31,30,pastorryan_30,2025-05-01T13:44:55.859727
31,ucavalcanti_31,38,luna17_38,2025-11-25T13:44:55.859729
31,ucavalcanti_31,4,pereiraluigi_4,2025-03-04T13:44:55.859732
31,ucavalcanti_31,37,da-conceicaoalicia_37,2025-08-07T13:44:55.859735
31,ucavalcanti_31,49,lunna09_49,2025-12-03T13:44:55.859737
31,ucavalcanti_31,20,luiza98_20,2025-11-02T13:44:55.859740
31,ucavalcanti_31,2,rfernandes_2,2025-05-02T13:44:55.859742
31,ucavalcanti_31,26,teixeiragabrielly_26,2025-07-15T13:44:55.859745
31,ucavalcanti_31,17,ccardoso_17,2025-05-07T13:44:55.859747
31,ucavalcanti_31,1,alvesyan_1,2025-11-28T13:44:55.859750
31,ucavalcanti_31,14,kpinto_14,2025-10-10T13:44:55.859752
31,ucavalcanti_31,5,pgoncalves_5,2026-01-31T13:44:55.859755
31,ucavalcanti_31,3,novaesana-beatriz_3,2026-01-21T13:44:55.859757
31,ucavalcanti_31,28,souzavalentina_28,2025-09-02T13:44:55.859760
31,ucavalcanti_31,23,oleao_23,2025-06-09T13:44:55.859763
31,ucavalcanti_31,48,ada-mota_48,2025-02-22T13:44:55.859765
31,ucavalcanti_31,47,rda-paz_47,2025-04-29T13:44:55.859768
31,ucavalcanti_31,45,odias_45,2025-06-29T13:44:55.859770
31,ucavalcanti_31,29,maria-florsampaio_29,2025-05-05T13:44:55.859773
31,ucavalcanti_31,46,duartedaniel_46,2025-07-22T13:44:55.859775
31,ucavalcanti_31,16,viniciuscastro_16,2025-10-07T13:44:55.859778
31,ucavalcanti_31,43,ccassiano_43,2025-09-28T13:44:55.859781
31,ucavalcanti_31,10,ribeirolorena_10,2025-06-11T13:44:55.859783
31,ucavalcanti_31,39,maria-isismoreira_39,2025-08-08T13:44:55.859786
31,ucavalcanti_31,6,qmoura_6,2025-11-14T13:44:55.859788
31,ucavalcanti_31,34,maria-sophiada-mota_34,2025-09-13T13:44:55.859791
31,ucavalcanti_31,21,natalia46_21,2025-10-28T13:44:55.859793
31,ucavalcanti_31,22,cmacedo_22,2025-12-06T13:44:55.859796
31,ucavalcanti_31,25,raquel73_25,2026-01-16T13:44:55.859798
31,ucavalcanti_31,12,mcassiano_12,2025-02-28T13:44:55.859801
31,ucavalcanti_31,13,isiscampos_13,2025-07-02T13:44:55.859803
31,ucavalcanti_31,15,gustavo-henrique24_15,2025-03-24T13:44:55.859806
31,ucavalcanti_31,18,luiz-gustavojesus_18,2026-01-24T13:44:55.859808
31,ucavalcanti_31,7,natalia93_7,2025-10-01T13:44:55.859811
31,ucavalcanti_31,50,vda-rocha_50,2025-10-19T13:44:55.859814
31,ucavalcanti_31,11,aragaovalentina_11,2025-12-29T13:44:55.859816
32,mariahcunha_32,40,igor68_40,2025-05-01T13:44:55.859826
32,mariahcunha_32,3,novaesana-beatriz_3,2025-10-13T13:44:55.859829
32,mariahcunha_32,29,maria-florsampaio_29,2026-01-04T13:44:55.859832
32,mariahcunha_32,50,vda-rocha_50,2025-11-22T13:44:55.859834
32,mariahcunha_32,45,odias_45,2025-05-20T13:44:55.859837
32,mariahcunha_32,4,pereiraluigi_4,2025-09-06T13:44:55.859840
32,mariahcunha_32,16,viniciuscastro_16,2025-10-05T13:44:55.859842
32,mariahcunha_32,49,lunna09_49,2025-04-13T13:44:55.859845
32,mariahcunha_32,26,teixeiragabrielly_26,2025-08-22T13:44:55.859847
32,mariahcunha_32,48,ada-mota_48,2025-04-12T13:44:55.859850
32,mariahcunha_32,15,gustavo-henrique24_15,2025-04-01T13:44:55.859852
33,da-rochapedro-miguel_33,21,natalia46_21,2025-06-16T13:44:55.859871
33,da-rochapedro-miguel_33,16,viniciuscastro_16,2025-07-27T13:44:55.859874
33,da-rochapedro-miguel_33,20,luiza98_20,2025-12-16T13:44:55.859877
33,da-rochapedro-miguel_33,10,ribeirolorena_10,2025-05-03T13:44:55.859879
33,da-rochapedro-miguel_33,44,mayaandrade_44,2025-10-27T13:44:55.859882
33,da-rochapedro-miguel_33,35,da-cunhamaria-liz_35,2026-01-06T13:44:55.859884
33,da-rochapedro-miguel_33,15,gustavo-henrique24_15,2025-09-17T13:44:55.859887
33,da-rochapedro-miguel_33,27,goncalvesbenjamim_27,2025-07-23T13:44:55.859890
33,da-rochapedro-miguel_33,48,ada-mota_48,2025-02-22T13:44:55.859892
33,da-rochapedro-miguel_33,18,luiz-gustavojesus_18,2025-03-29T13:44:55.859895
33,da-rochapedro-miguel_33,4,pereiraluigi_4,2025-03-30T13:44:55.859898
33,da-rochapedro-miguel_33,37,da-conceicaoalicia_37,2026-01-12T13:44:55.859901
33,da-rochapedro-miguel_33,12,mcassiano_12,2025-12-26T13:44:55.859903
33,da-rochapedro-miguel_33,28,souzavalentina_28,2025-10-28T13:44:55.859906
33,da-rochapedro-miguel_33,32,mariahcunha_32,2025-04-07T13:44:55.859908
33,da-rochapedro-miguel_33,40,igor68_40,2025-02-23T13:44:55.859911
33,da-rochapedro-miguel_33,23,oleao_23,2025-04-21T13:44:55.859914
33,da-rochapedro-miguel_33,25,raquel73_25,2025-10-13T13:44:55.859916
33,da-rochapedro-miguel_33,26,teixeiragabrielly_26,2025-06-01T13:44:55.859919
33,da-rochapedro-miguel_33,17,ccardoso_17,2025-10-18T13:44:55.859921
33,da-rochapedro-miguel_33,11,aragaovalentina_11,2025-08-15T13:44:55.859924
33,da-rochapedro-miguel_33,34,maria-sophiada-mota_34,2025-08-30T13:44:55.859926
33,da-rochapedro-miguel_33,14,kpinto_14,2026-01-25T13:44:55.859929
33,da-rochapedro-miguel_33,43,ccassiano_43,2025-10-16T13:44:55.859931
33,da-rochapedro-miguel_33,5,pgoncalves_5,2025-10-27T13:44:55.859934
33,da-rochapedro-miguel_33,47,rda-paz_47,2025-12-03T13:44:55.859936
33,da-rochapedro-miguel_33,13,isiscampos_13,2025-06-01T13:44:55.859939
33,da-rochapedro-miguel_33,6,qmoura_6,2025-09-30T13:44:55.859942
33,da-rochapedro-miguel_33,41,liamdas-neves_41,2025-02-10T13:44:55.859944
33,da-rochapedro-miguel_33,49,lunna09_49,2025-03-29T13:44:55.859947
33,da-rochapedro-miguel_33,8,jose-miguelribeiro_8,2025-02-06T13:44:55.859949
33,da-rochapedro-miguel_33,19,pietroalves_19,2025-10-20T13:44:55.859952
33,da-rochapedro-miguel_33,24,jaragao_24,2025-07-13T13:44:55.859954
33,da-rochapedro-miguel_33,36,rebecagarcia_36,2025-10-02T13:44:55.859957
33,da-rochapedro-miguel_33,39,maria-isismoreira_39,2025-04-25T13:44:55.859960
33,da-rochapedro-miguel_33,50,vda-rocha_50,2025-08-21T13:44:55.859962
33,da-rochapedro-miguel_33,1,alvesyan_1,2025-09-10T13:44:55.859965
33,da-rochapedro-miguel_33,9,anthony-gabrielbarbosa_9,2025-07-22T13:44:55.859967
33,da-rochapedro-miguel_33,7,natalia93_7,2025-06-08T13:44:55.859970
33,da-rochapedro-miguel_33,29,maria-florsampaio_29,2025-05-04T13:44:55.859973
33,da-rochapedro-miguel_33,38,luna17_38,2025-03-06T13:44:55.859975
33,da-rochapedro-miguel_33,3,novaesana-beatriz_3,2025-08-02T13:44:55.859978
33,da-rochapedro-miguel_33,45,odias_45,2025-08-28T13:44:55.859981
33,da-rochapedro-miguel_33,2,rfernandes_2,2025-09-21T13:44:55.859983
33,da-rochapedro-miguel_33,31,ucavalcanti_31,2025-08-01T13:44:55.859986
33,da-rochapedro-miguel_33,22,cmacedo_22,2025-05-15T13:44:55.859988
33,da-rochapedro-miguel_33,30,pastorryan_30,2025-05-23T13:44:55.859991
33,da-rochapedro-miguel_33,46,duartedaniel_46,2025-06-08T13:44:55.859993
34,maria-sophiada-mota_34,48,ada-mota_48,2026-01-24T13:44:55.860004
34,maria-sophiada-mota_34,31,ucavalcanti_31,2025-09-21T13:44:55.860006
34,maria-sophiada-mota_34,21,natalia46_21,2025-04-24T13:44:55.860009
34,maria-sophiada-mota_34,14,kpinto_14,2025-04-08T13:44:55.860012
34,maria-sophiada-mota_34,24,jaragao_24,2025-04-11T13:44:55.860014
34,maria-sophiada-mota_34,50,vda-rocha_50,2025-07-03T13:44:55.860017
34,maria-sophiada-mota_34,27,goncalvesbenjamim_27,2025-09-03T13:44:55.860019
34,maria-sophiada-mota_34,3,novaesana-beatriz_3,2025-11-15T13:44:55.860022
34,maria-sophiada-mota_34,38,luna17_38,2025-10-24T13:44:55.860025
34,maria-sophiada-mota_34,15,gustavo-henrique24_15,2025-08-17T13:44:55.860027
34,maria-sophiada-mota_34,10,ribeirolorena_10,2025-10-07T13:44:55.860030
35,da-cunhamaria-liz_35,38,luna17_38,2025-10-06T13:44:55.860044
35,da-cunhamaria-liz_35,16,viniciuscastro_16,2025-12-29T13:44:55.860048
35,da-cunhamaria-liz_35,32,mariahcunha_32,2025-02-04T13:44:55.860050
35,da-cunhamaria-liz_35,37,da-conceicaoalicia_37,2025-11-16T13:44:55.860053
35,da-cunhamaria-liz_35,43,ccassiano_43,2026-01-28T13:44:55.860055
35,da-cunhamaria-liz_35,45,odias_45,2025-10-13T13:44:55.860058
35,da-cunhamaria-liz_35,22,cmacedo_22,2025-05-19T13:44:55.860061
35,da-cunhamaria-liz_35,17,ccardoso_17,2025-06-13T13:44:55.860063
35,da-cunhamaria-liz_35,48,ada-mota_48,2025-07-25T13:44:55.860066
35,da-cunhamaria-liz_35,42,dda-cruz_42,2026-01-02T13:44:55.860068
35,da-cunhamaria-liz_35,30,pastorryan_30,2025-03-22T13:44:55.860071
35,da-cunhamaria-liz_35,11,aragaovalentina_11,2025-03-12T13:44:55.860073
35,da-cunhamaria-liz_35,23,oleao_23,2025-02-25T13:44:55.860076
35,da-cunhamaria-liz_35,39,maria-isismoreira_39,2025-03-23T13:44:55.860079
35,da-cunhamaria-liz_35,9,anthony-gabrielbarbosa_9,2025-05-30T13:44:55.860081
35,da-cunhamaria-liz_35,41,liamdas-neves_41,2025-03-01T13:44:55.860084
35,da-cunhamaria-liz_35,12,mcassiano_12,2025-05-28T13:44:55.860086
35,da-cunhamaria-liz_35,4,pereiraluigi_4,2026-01-24T13:44:55.860089
35,da-cunhamaria-liz_35,46,duartedaniel_46,2026-01-29T13:44:55.860091
35,da-cunhamaria-liz_35,2,rfernandes_2,2025-05-05T13:44:55.860094
35,da-cunhamaria-liz_35,27,goncalvesbenjamim_27,2025-04-25T13:44:55.860096
35,da-cunhamaria-liz_35,28,souzavalentina_28,2025-07-06T13:44:55.860099
35,da-cunhamaria-liz_35,3,novaesana-beatriz_3,2026-01-26T13:44:55.860101
35,da-cunhamaria-liz_35,44,mayaandrade_44,2026-01-24T13:44:55.860104
35,da-cunhamaria-liz_35,40,igor68_40,2025-05-06T13:44:55.860106
35,da-cunhamaria-liz_35,1,alvesyan_1,2025-09-14T13:44:55.860109
35,da-cunhamaria-liz_35,14,kpinto_14,2025-05-03T13:44:55.860112
35,da-cunhamaria-liz_35,5,pgoncalves_5,2025-09-08T13:44:55.860114
35,da-cunhamaria-liz_35,21,natalia46_21,2026-01-24T13:44:55.860117
36,rebecagarcia_36,46,duartedaniel_46,2025-02-07T13:44:55.860133
36,rebecagarcia_36,45,odias_45,2025-11-06T13:44:55.860136
36,rebecagarcia_36,28,souzavalentina_28,2025-12-21T13:44:55.860139
36,rebecagarcia_36,12,mcassiano_12,2025-05-22T13:44:55.860141
36,rebecagarcia_36,7,natalia93_7,2025-06-24T13:44:55.860144
36,rebecagarcia_36,50,vda-rocha_50,2025-03-08T13:44:55.860146
36,rebecagarcia_36,34,maria-sophiada-mota_34,2025-08-16T13:44:55.860149
36,rebecagarcia_36,10,ribeirolorena_10,2025-04-18T13:44:55.860151
36,rebecagarcia_36,16,viniciuscastro_16,2025-12-15T13:44:55.860154
36,rebecagarcia_36,13,isiscampos_13,2025-05-07T13:44:55.860157
36,rebecagarcia_36,44,mayaandrade_44,2026-01-11T13:44:55.860159
36,rebecagarcia_36,17,ccardoso_17,2025-10-07T13:44:55.860162
36,rebecagarcia_36,23,oleao_23,2025-10-16T13:44:55.860164
36,rebecagarcia_36,18,luiz-gustavojesus_18,2025-02-12T13:44:55.860167
36,rebecagarcia_36,26,teixeiragabrielly_26,2025-04-17T13:44:55.860170
36,rebecagarcia_36,6,qmoura_6,2025-06-03T13:44:55.860172
36,rebecagarcia_36,24,jaragao_24,2025-09-16T13:44:55.860175
36,rebecagarcia_36,35,da-cunhamaria-liz_35,2026-01-09T13:44:55.860177
36,rebecagarcia_36,15,gustavo-henrique24_15,2025-12-25T13:44:55.860180
36,rebecagarcia_36,19,pietroalves_19,2025-02-16T13:44:55.860182
36,rebecagarcia_36,8,jose-miguelribeiro_8,2025-09-11T13:44:55.860185
36,rebecagarcia_36,38,luna17_38,2025-04-29T13:44:55.860187
36,rebecagarcia_36,29,maria-florsampaio_29,2025-04-19T13:44:55.860190
36,rebecagarcia_36,43,ccassiano_43,2025-03-02T13:44:55.860193
36,rebecagarcia_36,22,cmacedo_22,2026-01-16T13:44:55.860195
36,rebecagarcia_36,3,novaesana-beatriz_3,2025-11-02T13:44:55.860198
36,rebecagarcia_36,21,natalia46_21,2025-08-24T13:44:55.860200
36,rebecagarcia_36,48,ada-mota_48,2026-01-24T13:44:55.860203
36,rebecagarcia_36,2,rfernandes_2,2025-10-18T13:44:55.860205
36,rebecagarcia_36,33,da-rochapedro-miguel_33,2025-04-07T13:44:55.860208
36,rebecagarcia_36,41,liamdas-neves_41,2025-11-20T13:44:55.860210
36,rebecagarcia_36,30,pastorryan_30,2025-02-02T13:44:55.860213
36,rebecagarcia_36,37,da-conceicaoalicia_37,2025-07-13T13:44:55.860215
36,rebecagarcia_36,42,dda-cruz_42,2025-12-24T13:44:55.860218
36,rebecagarcia_36,1,alvesyan_1,2025-09-01T13:44:55.860220
36,rebecagarcia_36,11,aragaovalentina_11,2025-11-10T13:44:55.860223
36,rebecagarcia_36,31,ucavalcanti_31,2025-04-19T13:44:55.860225
37,da-conceicaoalicia_37,38,luna17_38,2025-09-15T13:44:55.860239
37,da-conceicaoalicia_37,25,raquel73_25,2025-06-16T13:44:55.860242
37,da-conceicaoalicia_37,45,odias_45,2025-05-26T13:44:55.860244
37,da-conceicaoalicia_37,35,da-cunhamaria-liz_35,2025-10-08T13:44:55.860247
37,da-conceicaoalicia_37,22,cmacedo_22,2025-08-03T13:44:55.860249
37,da-conceicaoalicia_37,49,lunna09_49,2025-04-24T13:44:55.860252
37,da-conceicaoalicia_37,9,anthony-gabrielbarbosa_9,2025-07-24T13:44:55.860254
37,da-conceicaoalicia_37,6,qmoura_6,2025-06-25T13:44:55.860257
37,da-conceicaoalicia_37,33,da-rochapedro-miguel_33,2025-10-29T13:44:55.860259
37,da-conceicaoalicia_37,23,oleao_23,2025-02-18T13:44:55.860262
37,da-conceicaoalicia_37,4,pereiraluigi_4,2025-04-08T13:44:55.860264
37,da-conceicaoalicia_37,7,natalia93_7,2025-02-28T13:44:55.860267
37,da-conceicaoalicia_37,28,souzavalentina_28,2025-07-22T13:44:55.860269
37,da-conceicaoalicia_37,15,gustavo-henrique24_15,2025-12-20T13:44:55.860272
37,da-conceicaoalicia_37,5,pgoncalves_5,2025-03-22T13:44:55.860274
37,da-conceicaoalicia_37,46,duartedaniel_46,2025-09-03T13:44:55.860277
37,da-conceicaoalicia_37,26,teixeiragabrielly_26,2025-09-28T13:44:55.860280
37,da-conceicaoalicia_37,21,natalia46_21,2025-12-26T13:44:55.860362
37,da-conceicaoalicia_37,1,alvesyan_1,2025-12-21T13:44:55.860365
37,da-conceicaoalicia_37,32,mariahcunha_32,2025-09-17T13:44:55.860368
38,luna17_38,25,raquel73_25,2025-12-11T13:44:55.860380
38,luna17_38,47,rda-paz_47,2025-11-26T13:44:55.860383
38,luna17_38,42,dda-cruz_42,2025-12-19T13:44:55.860385
38,luna17_38,10,ribeirolorena_10,2025-10-29T13:44:55.860388
38,luna17_38,50,vda-rocha_50,2025-06-26T13:44:55.860390
38,luna17_38,21,natalia46_21,2025-06-17T13:44:55.860393
38,luna17_38,24,jaragao_24,2025-04-22T13:44:55.860395
38,luna17_38,7,natalia93_7,2025-04-23T13:44:55.860398
38,luna17_38,6,qmoura_6,2025-05-15T13:44:55.860401
38,luna17_38,1,alvesyan_1,2025-07-08T13:44:55.860403
38,luna17_38,20,luiza98_20,2025-12-11T13:44:55.860406
38,luna17_38,29,maria-florsampaio_29,2026-01-19T13:44:55.860408
38,luna17_38,44,mayaandrade_44,2025-12-18T13:44:55.860411
38,luna17_38,18,luiz-gustavojesus_18,2025-08-04T13:44:55.860414
39,maria-isismoreira_39,6,qmoura_6,2025-06-12T13:44:55.860430
39,maria-isismoreira_39,40,igor68_40,2025-12-09T13:44:55.860433
39,maria-isismoreira_39,49,lunna09_49,2025-11-24T13:44:55.860436
39,maria-isismoreira_39,21,natalia46_21,2025-08-30T13:44:55.860439
39,maria-isismoreira_39,25,raquel73_25,2026-01-29T13:44:55.860441
39,maria-isismoreira_39,1,alvesyan_1,2025-07-14T13:44:55.860444
39,maria-isismoreira_39,19,pietroalves_19,2025-08-15T13:44:55.860447
39,maria-isismoreira_39,27,goncalvesbenjamim_27,2025-03-21T13:44:55.860450
39,maria-isismoreira_39,46,duartedaniel_46,2025-07-22T13:44:55.860453
39,maria-isismoreira_39,50,vda-rocha_50,2025-08-17T13:44:55.860456
39,maria-isismoreira_39,36,rebecagarcia_36,2025-06-21T13:44:55.860458
39,maria-isismoreira_39,16,viniciuscastro_16,2025-08-14T13:44:55.860461
39,maria-isismoreira_39,37,da-conceicaoalicia_37,2025-06-26T13:44:55.860464
39,maria-isismoreira_39,34,maria-sophiada-mota_34,2025-03-05T13:44:55.860466
39,maria-isismoreira_39,11,aragaovalentina_11,2025-04-03T13:44:55.860469
39,maria-isismoreira_39,42,dda-cruz_42,2025-11-24T13:44:55.860471
39,maria-isismoreira_39,35,da-cunhamaria-liz_35,2025-09-01T13:44:55.860474
39,maria-isismoreira_39,9,anthony-gabrielbarbosa_9,2025-08-21T13:44:55.860476
39,maria-isismoreira_39,32,mariahcunha_32,2025-03-30T13:44:55.860479
39,maria-isismoreira_39,10,ribeirolorena_10,2025-02-11T13:44:55.860482
39,maria-isismoreira_39,31,ucavalcanti_31,2025-10-22T13:44:55.860484
39,maria-isismoreira_39,38,luna17_38,2025-06-01T13:44:55.860487
39,maria-isismoreira_39,5,pgoncalves_5,2025-08-25T13:44:55.860489
39,maria-isismoreira_39,3,novaesana-beatriz_3,2025-11-03T13:44:55.860492
39,maria-isismoreira_39,41,liamdas-neves_41,2025-07-13T13:44:55.860494
39,maria-isismoreira_39,14,kpinto_14,2025-08-22T13:44:55.860497
39,maria-isismoreira_39,29,maria-florsampaio_29,2025-09-05T13:44:55.860499
39,maria-isismoreira_39,24,jaragao_24,2025-02-11T13:44:55.860502
39,maria-isismoreira_39,30,pastorryan_30,2025-03-14T13:44:55.860504
39,maria-isismoreira_39,28,souzavalentina_28,2025-05-26T13:44:55.860507
39,maria-isismoreira_39,26,teixeiragabrielly_26,2025-04-13T13:44:55.860509
39,maria-isismoreira_39,12,mcassiano_12,2025-09-30T13:44:55.860512
39,maria-isismoreira_39,23,oleao_23,2025-08-19T13:44:55.860515
39,maria-isismoreira_39,8,jose-miguelribeiro_8,2025-07-24T13:44:55.860517
39,maria-isismoreira_39,18,luiz-gustavojesus_18,2025-09-11T13:44:55.860520
39,maria-isismoreira_39,33,da-rochapedro-miguel_33,2025-07-15T13:44:55.860522
39,maria-isismoreira_39,20,luiza98_20,2025-07-30T13:44:55.860525
39,maria-isismoreira_39,47,rda-paz_47,2025-12-05T13:44:55.860527
39,maria-isismoreira_39,15,gustavo-henrique24_15,2025-04-19T13:44:55.860530
39,maria-isismoreira_39,4,pereiraluigi_4,2025-10-22T13:44:55.860533
40,igor68_40,35,da-cunhamaria-liz_35,2025-08-16T13:44:55.860552
40,igor68_40,12,mcassiano_12,2025-06-26T13:44:55.860554
40,igor68_40,45,odias_45,2025-12-09T13:44:55.860557
40,igor68_40,36,rebecagarcia_36,2026-01-27T13:44:55.860559
40,igor68_40,2,rfernandes_2,2025-12-13T13:44:55.860562
40,igor68_40,30,pastorryan_30,2025-09-22T13:44:55.860564
40,igor68_40,14,kpinto_14,2025-10-11T13:44:55.860567
40,igor68_40,29,maria-florsampaio_29,2025-05-16T13:44:55.860569
40,igor68_40,19,pietroalves_19,2025-05-12T13:44:55.860572
40,igor68_40,5,pgoncalves_5,2025-04-22T13:44:55.860575
40,igor68_40,27,goncalvesbenjamim_27,2025-04-10T13:44:55.860577
40,igor68_40,32,mariahcunha_32,2025-02-14T13:44:55.860580
40,igor68_40,9,anthony-gabrielbarbosa_9,2025-04-13T13:44:55.860588
40,igor68_40,20,luiza98_20,2025-10-11T13:44:55.860590
40,igor68_40,16,viniciuscastro_16,2025-06-18T13:44:55.860593
40,igor68_40,17,ccardoso_17,2025-07-25T13:44:55.860595
40,igor68_40,10,ribeirolorena_10,2025-07-16T13:44:55.860598
40,igor68_40,28,souzavalentina_28,2025-06-09T13:44:55.860601
40,igor68_40,26,teixeiragabrielly_26,2025-02-19T13:44:55.860603
40,igor68_40,13,isiscampos_13,2025-04-06T13:44:55.860606
40,igor68_40,3,novaesana-beatriz_3,2025-02-13T13:44:55.860608
40,igor68_40,15,gustavo-henrique24_15,2025-05-21T13:44:55.860611
40,igor68_40,47,rda-paz_47,2025-11-16T13:44:55.860613
40,igor68_40,50,vda-rocha_50,2025-08-09T13:44:55.860616
40,igor68_40,42,dda-cruz_42,2026-01-20T13:44:55.860619
40,igor68_40,48,ada-mota_48,2025-05-30T13:44:55.860621
40,igor68_40,18,luiz-gustavojesus_18,2025-12-10T13:44:55.860624
40,igor68_40,34,maria-sophiada-mota_34,2025-09-03T13:44:55.860626
40,igor68_40,44,mayaandrade_44,2025-07-04T13:44:55.860629
40,igor68_40,23,oleao_23,2025-12-20T13:44:55.860631
40,igor68_40,46,duartedaniel_46,2025-12-04T13:44:55.860634
40,igor68_40,49,lunna09_49,2025-11-21T13:44:55.860636
40,igor68_40,43,ccassiano_43,2025-08-07T13:44:55.860639
40,igor68_40,4,pereiraluigi_4,2025-08-26T13:44:55.860642
40,igor68_40,24,jaragao_24,2025-08-10T13:44:55.860644
40,igor68_40,31,ucavalcanti_31,2025-06-13T13:44:55.860647
40,igor68_40,11,aragaovalentina_11,2025-10-19T13:44:55.860649
40,igor68_40,38,luna17_38,2025-05-11T13:44:55.860652
40,igor68_40,6,qmoura_6,2025-05-30T13:44:55.860654
40,igor68_40,22,cmacedo_22,2025-08-07T13:44:55.860657
40,igor68_40,1,alvesyan_1,2025-06-03T13:44:55.860659
40,igor68_40,7,natalia93_7,2025-12-14T13:44:55.860662
41,liamdas-neves_41,48,ada-mota_48,2025-04-04T13:44:55.860677
41,liamdas-neves_41,46,duartedaniel_46,2025-06-27T13:44:55.860680
41,liamdas-neves_41,29,maria-florsampaio_29,2025-07-17T13:44:55.860683
41,liamdas-neves_41,21,natalia46_21,2026-01-30T13:44:55.860685
41,liamdas-neves_41,5,pgoncalves_5,2025-02-06T13:44:55.860688
41,liamdas-neves_41,20,luiza98_20,2025-10-15T13:44:55.860690
41,liamdas-neves_41,3,novaesana-beatriz_3,2025-10-19T13:44:55.860693
41,liamdas-neves_41,8,jose-miguelribeiro_8,2025-09-12T13:44:55.860695
41,liamdas-neves_41,2,rfernandes_2,2025-02-06T13:44:55.860698
41,liamdas-neves_41,22,cmacedo_22,2025-12-31T13:44:55.860701
41,liamdas-neves_41,7,natalia93_7,2025-04-12T13:44:55.860703
41,liamdas-neves_41,11,aragaovalentina_11,2025-12-11T13:44:55.860706
41,liamdas-neves_41,16,viniciuscastro_16,2025-05-03T13:44:55.860708
41,liamdas-neves_41,34,maria-sophiada-mota_34,2025-10-29T13:44:55.860711
41,liamdas-neves_41,12,mcassiano_12,2025-07-29T13:44:55.860714
41,liamdas-neves_41,38,luna17_38,2025-08-19T13:44:55.860716
41,liamdas-neves_41,40,igor68_40,2025-10-24T13:44:55.860719
41,liamdas-neves_41,28,souzavalentina_28,2025-06-12T13:44:55.860721
41,liamdas-neves_41,31,ucavalcanti_31,2025-12-05T13:44:55.860724
41,liamdas-neves_41,15,gustavo-henrique24_15,2025-09-20T13:44:55.860726
41,liamdas-neves_41,43,ccassiano_43,2025-02-23T13:44:55.860729
41,liamdas-neves_41,26,teixeiragabrielly_26,2025-05-27T13:44:55.860731
41,liamdas-neves_41,13,isiscampos_13,2025-05-07T13:44:55.860734
41,liamdas-neves_41,47,rda-paz_47,2025-03-11T13:44:55.860737
41,liamdas-neves_41,6,qmoura_6,2025-08-25T13:44:55.860739
41,liamdas-neves_41,25,raquel73_25,2025-04-02T13:44:55.860742
41,liamdas-neves_41,32,mariahcunha_32,2025-07-18T13:44:55.860744
41,liamdas-neves_41,33,da-rochapedro-miguel_33,2025-03-26T13:44:55.860747
41,liamdas-neves_41,14,kpinto_14,2025-07-16T13:44:55.860750
41,liamdas-neves_41,27,goncalvesbenjamim_27,2025-04-07T13:44:55.860752
41,liamdas-neves_41,1,alvesyan_1,2025-12-05T13:44:55.860755
41,liamdas-neves_41,39,maria-isismoreira_39,2025-08-07T13:44:55.860757
41,liamdas-neves_41,30,pastorryan_30,2025-08-05T13:44:55.860760
42,dda-cruz_42,40,igor68_40,2025-11-22T13:44:55.860776
42,dda-cruz_42,12,mcassiano_12,2025-10-29T13:44:55.860779
42,dda-cruz_42,45,odias_45,2025-08-24T13:44:55.860781
42,dda-cruz_42,47,rda-paz_47,2025-06-16T13:44:55.860784
42,dda-cruz_42,20,luiza98_20,2025-03-21T13:44:55.860787
42,dda-cruz_42,50,vda-rocha_50,2026-01-05T13:44:55.860789
42,dda-cruz_42,38,luna17_38,2025-08-02T13:44:55.860792
42,dda-cruz_42,6,qmoura_6,2026-01-28T13:44:55.860794
42,dda-cruz_42,9,anthony-gabrielbarbosa_9,2025-05-29T13:44:55.860797
42,dda-cruz_42,21,natalia46_21,2025-11-24T13:44:55.860799
42,dda-cruz_42,8,jose-miguelribeiro_8,2025-10-25T13:44:55.860802
42,dda-cruz_42,16,viniciuscastro_16,2025-07-20T13:44:55.860805
42,dda-cruz_42,46,duartedaniel_46,2025-04-20T13:44:55.860807
42,dda-cruz_42,39,maria-isismoreira_39,2025-05-19T13:44:55.860810
42,dda-cruz_42,49,lunna09_49,2025-03-04T13:44:55.860812
42,dda-cruz_42,24,jaragao_24,2025-05-24T13:44:55.860815
42,dda-cruz_42,10,ribeirolorena_10,2025-07-07T13:44:55.860818
42,dda-cruz_42,25,raquel73_25,2025-02-16T13:44:55.860820
42,dda-cruz_42,14,kpinto_14,2025-05-26T13:44:55.860823
42,dda-cruz_42,37,da-conceicaoalicia_37,2025-07-04T13:44:55.860826
42,dda-cruz_42,5,pgoncalves_5,2025-02-03T13:44:55.860828
42,dda-cruz_42,19,pietroalves_19,2025-06-19T13:44:55.860831
42,dda-cruz_42,13,isiscampos_13,2025-05-27T13:44:55.860833
42,dda-cruz_42,31,ucavalcanti_31,2025-11-08T13:44:55.860836
42,dda-cruz_42,43,ccassiano_43,2025-12-21T13:44:55.860839
42,dda-cruz_42,44,mayaandrade_44,2025-04-18T13:44:55.860841
42,dda-cruz_42,48,ada-mota_48,2026-01-17T13:44:55.860844
42,dda-cruz_42,18,luiz-gustavojesus_18,2025-10-12T13:44:55.860846
42,dda-cruz_42,23,oleao_23,2025-09-05T13:44:55.860849
42,dda-cruz_42,32,mariahcunha_32,2026-01-16T13:44:55.860851
42,dda-cruz_42,22,cmacedo_22,2025-09-14T13:44:55.860854
42,dda-cruz_42,30,pastorryan_30,2025-10-09T13:44:55.860856
42,dda-cruz_42,34,maria-sophiada-mota_34,2025-05-02T13:44:55.860859
42,dda-cruz_42,33,da-rochapedro-miguel_33,2025-09-07T13:44:55.860861
43,ccassiano_43,30,pastorryan_30,2025-10-13T13:44:55.860873
43,ccassiano_43,37,da-conceicaoalicia_37,2025-06-29T13:44:55.860876
43,ccassiano_43,32,mariahcunha_32,2025-12-11T13:44:55.860878
43,ccassiano_43,36,rebecagarcia_36,2025-03-04T13:44:55.860881
43,ccassiano_43,33,da-rochapedro-miguel_33,2025-09-28T13:44:55.860883
43,ccassiano_43,8,jose-miguelribeiro_8,2025-09-02T13:44:55.860886
43,ccassiano_43,49,lunna09_49,2026-01-16T13:44:55.860888
43,ccassiano_43,45,odias_45,2025-06-16T13:44:55.860891
43,ccassiano_43,18,luiz-gustavojesus_18,2025-09-20T13:44:55.860893
43,ccassiano_43,35,da-cunhamaria-liz_35,2025-08-07T13:44:55.860896
43,ccassiano_43,24,jaragao_24,2025-12-19T13:44:55.860898
43,ccassiano_43,40,igor68_40,2025-06-22T13:44:55.860901
43,ccassiano_43,3,novaesana-beatriz_3,2025-12-03T13:44:55.860904
43,ccassiano_43,29,maria-florsampaio_29,2025-10-03T13:44:55.860906
43,ccassiano_43,38,luna17_38,2025-10-17T13:44:55.860909
44,mayaandrade_44,46,duartedaniel_46,2025-03-17T13:44:55.860928
44,mayaandrade_44,23,oleao_23,2025-07-04T13:44:55.860931
44,mayaandrade_44,47,rda-paz_47,2025-07-24T13:44:55.860934
44,mayaandrade_44,40,igor68_40,2025-06-15T13:44:55.860936
44,mayaandrade_44,41,liamdas-neves_41,2025-12-25T13:44:55.860939
44,mayaandrade_44,28,souzavalentina_28,2025-03-14T13:44:55.860941
44,mayaandrade_44,11,aragaovalentina_11,2025-12-16T13:44:55.860944
44,mayaandrade_44,48,ada-mota_48,2025-07-10T13:44:55.860947
44,mayaandrade_44,9,anthony-gabrielbarbosa_9,2025-05-14T13:44:55.860949
44,mayaandrade_44,14,kpinto_14,2025-09-12T13:44:55.860952
44,mayaandrade_44,42,dda-cruz_42,2025-02-11T13:44:55.860954
44,mayaandrade_44,4,pereiraluigi_4,2025-07-28T13:44:55.860957
44,mayaandrade_44,37,da-conceicaoalicia_37,2025-06-14T13:44:55.860960
44,mayaandrade_44,49,lunna09_49,2025-05-28T13:44:55.860962
44,mayaandrade_44,35,da-cunhamaria-liz_35,2025-08-18T13:44:55.860965
44,mayaandrade_44,18,luiz-gustavojesus_18,2025-04-10T13:44:55.860967
44,mayaandrade_44,43,ccassiano_43,2026-01-31T13:44:55.860970
44,mayaandrade_44,21,natalia46_21,2025-12-16T13:44:55.860972
44,mayaandrade_44,36,rebecagarcia_36,2025-06-12T13:44:55.860975
44,mayaandrade_44,10,ribeirolorena_10,2025-03-13T13:44:55.860977
44,mayaandrade_44,30,pastorryan_30,2025-02-26T13:44:55.860980
44,mayaandrade_44,19,pietroalves_19,2025-02-09T13:44:55.860983
44,mayaandrade_44,50,vda-rocha_50,2025-08-02T13:44:55.860985
44,mayaandrade_44,17,ccardoso_17,2025-12-31T13:44:55.860988
44,mayaandrade_44,22,cmacedo_22,2025-05-04T13:44:55.860990
44,mayaandrade_44,38,luna17_38,2025-07-13T13:44:55.860993
44,mayaandrade_44,5,pgoncalves_5,2025-10-13T13:44:55.860995
44,mayaandrade_44,39,maria-isismoreira_39,2025-06-27T13:44:55.860998
44,mayaandrade_44,2,rfernandes_2,2025-10-16T13:44:55.861000
44,mayaandrade_44,27,goncalvesbenjamim_27,2025-05-24T13:44:55.861003
44,mayaandrade_44,31,ucavalcanti_31,2025-09-17T13:44:55.861005
44,mayaandrade_44,45,odias_45,2025-08-20T13:44:55.861008
44,mayaandrade_44,8,jose-miguelribeiro_8,2025-09-09T13:44:55.861010
44,mayaandrade_44,34,maria-sophiada-mota_34,2025-08-13T13:44:55.861013
44,mayaandrade_44,12,mcassiano_12,2025-04-27T13:44:55.861016
44,mayaandrade_44,6,qmoura_6,2025-04-12T13:44:55.861018
44,mayaandrade_44,24,jaragao_24,2025-11-27T13:44:55.861021
44,mayaandrade_44,33,da-rochapedro-miguel_33,2025-04-18T13:44:55.861023
44,mayaandrade_44,7,natalia93_7,2025-05-29T13:44:55.861026
44,mayaandrade_44,26,teixeiragabrielly_26,2025-08-10T13:44:55.861029
44,mayaandrade_44,3,novaesana-beatriz_3,2025-02-17T13:44:55.861031
44,mayaandrade_44,16,viniciuscastro_16,2026-01-08T13:44:55.861034
45,odias_45,7,natalia93_7,2025-06-13T13:44:55.861043
45,odias_45,41,liamdas-neves_41,2026-02-01T13:44:55.861046
45,odias_45,30,pastorryan_30,2025-06-27T13:44:55.861048
45,odias_45,2,rfernandes_2,2025-10-21T13:44:55.861051
45,odias_45,8,jose-miguelribeiro_8,2025-02-14T13:44:55.861054
45,odias_45,11,aragaovalentina_11,2025-11-26T13:44:55.861056
45,odias_45,29,maria-florsampaio_29,2025-03-06T13:44:55.861059
46,duartedaniel_46,11,aragaovalentina_11,2025-02-18T13:44:55.861072
46,duartedaniel_46,18,luiz-gustavojesus_18,2025-06-19T13:44:55.861075
46,duartedaniel_46,6,qmoura_6,2026-01-28T13:44:55.861078
46,duartedaniel_46,42,dda-cruz_42,2026-01-28T13:44:55.861081
46,duartedaniel_46,24,jaragao_24,2025-02-10T13:44:55.861083
46,duartedaniel_46,17,ccardoso_17,2025-08-10T13:44:55.861086
46,duartedaniel_46,48,ada-mota_48,2025-12-02T13:44:55.861089
46,duartedaniel_46,45,odias_45,2025-06-30T13:44:55.861093
46,duartedaniel_46,50,vda-rocha_50,2025-02-11T13:44:55.861097
46,duartedaniel_46,4,pereiraluigi_4,2025-11-26T13:44:55.861101
46,duartedaniel_46,26,teixeiragabrielly_26,2025-06-02T13:44:55.861106
46,duartedaniel_46,20,luiza98_20,2025-12-27T13:44:55.861111
46,duartedaniel_46,15,gustavo-henrique24_15,2025-10-07T13:44:55.861116
46,duartedaniel_46,28,souzavalentina_28,2025-07-20T13:44:55.861120
46,duartedaniel_46,43,ccassiano_43,2025-12-18T13:44:55.861124
46,duartedaniel_46,7,natalia93_7,2025-12-11T13:44:55.861128
46,duartedaniel_46,1,alvesyan_1,2025-12-11T13:44:55.861131
46,duartedaniel_46,14,kpinto_14,2025-08-25T13:44:55.861135
46,duartedaniel_46,16,viniciuscastro_16,2025-07-28T13:44:55.861139
46,duartedaniel_46,3,novaesana-beatriz_3,2025-09-01T13:44:55.861143
46,duartedaniel_46,5,pgoncalves_5,2025-11-23T13:44:55.861146
46,duartedaniel_46,19,pietroalves_19,2025-07-21T13:44:55.861151
46,duartedaniel_46,8,jose-miguelribeiro_8,2025-11-25T13:44:55.861155
46,duartedaniel_46,44,mayaandrade_44,2025-03-10T13:44:55.861158
47,rda-paz_47,10,ribeirolorena_10,2025-07-19T13:44:55.861187
47,rda-paz_47,5,pgoncalves_5,2025-12-06T13:44:55.861191
47,rda-paz_47,34,maria-sophiada-mota_34,2025-10-01T13:44:55.861195
47,rda-paz_47,37,da-conceicaoalicia_37,2025-05-22T13:44:55.861199
47,rda-paz_47,1,alvesyan_1,2025-03-12T13:44:55.861203
47,rda-paz_47,40,igor68_40,2025-04-03T13:44:55.861207
47,rda-paz_47,42,dda-cruz_42,2025-12-27T13:44:55.861211
47,rda-paz_47,11,aragaovalentina_11,2025-05-07T13:44:55.861215
47,rda-paz_47,29,maria-florsampaio_29,2026-01-26T13:44:55.861218
47,rda-paz_47,23,oleao_23,2025-08-01T13:44:55.861222
47,rda-paz_47,14,kpinto_14,2025-08-23T13:44:55.861226
47,rda-paz_47,50,vda-rocha_50,2025-11-26T13:44:55.861230
47,rda-paz_47,27,goncalvesbenjamim_27,2025-07-18T13:44:55.861234
47,rda-paz_47,41,liamdas-neves_41,2025-04-16T13:44:55.861238
47,rda-paz_47,39,maria-isismoreira_39,2025-07-01T13:44:55.861242
47,rda-paz_47,6,qmoura_6,2025-07-29T13:44:55.861246
47,rda-paz_47,7,natalia93_7,2025-04-28T13:44:55.861250
47,rda-paz_47,9,anthony-gabrielbarbosa_9,2025-02-17T13:44:55.861254
47,rda-paz_47,25,raquel73_25,2025-11-05T13:44:55.861258
47,rda-paz_47,4,pereiraluigi_4,2025-06-05T13:44:55.861262
47,rda-paz_47,19,pietroalves_19,2025-12-26T13:44:55.861267
47,rda-paz_47,24,jaragao_24,2026-01-24T13:44:55.861270
47,rda-paz_47,13,isiscampos_13,2025-04-07T13:44:55.861274
47,rda-paz_47,12,mcassiano_12,2025-12-29T13:44:55.861279
47,rda-paz_47,35,da-cunhamaria-liz_35,2026-01-25T13:44:55.861283
47,rda-paz_47,43,ccassiano_43,2025-09-20T13:44:55.861287
47,rda-paz_47,49,lunna09_49,2025-10-14T13:44:55.861291
47,rda-paz_47,8,jose-miguelribeiro_8,2026-01-12T13:44:55.861295
47,rda-paz_47,32,mariahcunha_32,2026-01-02T13:44:55.861299
47,rda-paz_47,3,novaesana-beatriz_3,2025-07-13T13:44:55.861302
47,rda-paz_47,22,cmacedo_22,2025-05-18T13:44:55.861306
47,rda-paz_47,18,luiz-gustavojesus_18,2025-09-08T13:44:55.861310
47,rda-paz_47,38,luna17_38,2025-03-17T13:44:55.861314
47,rda-paz_47,45,odias_45,2025-02-02T13:44:55.861318
47,rda-paz_47,31,ucavalcanti_31,2025-05-21T13:44:55.861322
47,rda-paz_47,15,gustavo-henrique24_15,2025-07-04T13:44:55.861326
47,rda-paz_47,28,souzavalentina_28,2025-06-30T13:44:55.861330
47,rda-paz_47,44,mayaandrade_44,2025-02-07T13:44:55.861335
47,rda-paz_47,30,pastorryan_30,2025-07-11T13:44:55.861339
47,rda-paz_47,21,natalia46_21,2025-12-21T13:44:55.861343
47,rda-paz_47,17,ccardoso_17,2025-03-11T13:44:55.861347
47,rda-paz_47,46,duartedaniel_46,2025-05-03T13:44:55.861351
47,rda-paz_47,48,ada-mota_48,2025-05-02T13:44:55.861355
47,rda-paz_47,36,rebecagarcia_36,2025-03-23T13:44:55.861360
47,rda-paz_47,20,luiza98_20,2025-11-15T13:44:55.861364
47,rda-paz_47,16,viniciuscastro_16,2025-09-12T13:44:55.861369
47,rda-paz_47,33,da-rochapedro-miguel_33,2025-12-21T13:44:55.861372
47,rda-paz_47,2,rfernandes_2,2025-08-27T13:44:55.861377
48,ada-mota_48,33,da-rochapedro-miguel_33,2025-02-09T13:44:55.861397
48,ada-mota_48,14,kpinto_14,2025-06-23T13:44:55.861400
48,ada-mota_48,10,ribeirolorena_10,2025-10-02T13:44:55.861403
48,ada-mota_48,35,da-cunhamaria-liz_35,2026-01-03T13:44:55.861405
48,ada-mota_48,21,natalia46_21,2025-09-29T13:44:55.861408
48,ada-mota_48,26,teixeiragabrielly_26,2025-12-19T13:44:55.861411
48,ada-mota_48,38,luna17_38,2025-06-24T13:44:55.861414
48,ada-mota_48,41,liamdas-neves_41,2025-12-04T13:44:55.861416
48,ada-mota_48,5,pgoncalves_5,2025-06-14T13:44:55.861419
48,ada-mota_48,20,luiza98_20,2025-03-25T13:44:55.861422
49,lunna09_49,4,pereiraluigi_4,2025-09-24T13:44:55.861441
49,lunna09_49,20,luiza98_20,2025-12-11T13:44:55.861443
49,lunna09_49,43,ccassiano_43,2025-04-14T13:44:55.861446
49,lunna09_49,47,rda-paz_47,2025-02-21T13:44:55.861448
49,lunna09_49,12,mcassiano_12,2025-12-04T13:44:55.861451
49,lunna09_49,8,jose-miguelribeiro_8,2025-10-08T13:44:55.861454
49,lunna09_49,1,alvesyan_1,2025-05-17T13:44:55.861456
49,lunna09_49,9,anthony-gabrielbarbosa_9,2026-01-31T13:44:55.861459
49,lunna09_49,46,duartedaniel_46,2026-01-10T13:44:55.861461
49,lunna09_49,11,aragaovalentina_11,2026-01-26T13:44:55.861464
49,lunna09_49,32,mariahcunha_32,2025-09-29T13:44:55.861467
49,lunna09_49,23,oleao_23,2026-01-09T13:44:55.861470
49,lunna09_49,34,maria-sophiada-mota_34,2025-06-05T13:44:55.861472
49,lunna09_49,37,da-conceicaoalicia_37,2025-07-30T13:44:55.861475
49,lunna09_49,17,ccardoso_17,2025-07-20T13:44:55.861477
49,lunna09_49,40,igor68_40,2025-11-17T13:44:55.861480
49,lunna09_49,24,jaragao_24,2025-11-02T13:44:55.861483
49,lunna09_49,42,dda-cruz_42,2026-01-14T13:44:55.861485
49,lunna09_49,33,da-rochapedro-miguel_33,2025-04-24T13:44:55.861489
49,lunna09_49,25,raquel73_25,2025-03-03T13:44:55.861491
49,lunna09_49,28,souzavalentina_28,2025-07-02T13:44:55.861494
49,lunna09_49,39,maria-isismoreira_39,2025-10-10T13:44:55.861497
49,lunna09_49,31,ucavalcanti_31,2025-08-21T13:44:55.861499
49,lunna09_49,50,vda-rocha_50,2025-09-27T13:44:55.861502
49,lunna09_49,30,pastorryan_30,2025-07-03T13:44:55.861504
49,lunna09_49,41,liamdas-neves_41,2025-08-22T13:44:55.861507
49,lunna09_49,36,rebecagarcia_36,2025-09-16T13:44:55.861509
49,lunna09_49,14,kpinto_14,2025-12-24T13:44:55.861512
49,lunna09_49,29,maria-florsampaio_29,2025-04-15T13:44:55.861519
49,lunna09_49,35,da-cunhamaria-liz_35,2025-07-26T13:44:55.861522
49,lunna09_49,3,novaesana-beatriz_3,2025-12-02T13:44:55.861524
49,lunna09_49,21,natalia46_21,2025-05-20T13:44:55.861527
49,lunna09_49,19,pietroalves_19,2025-02-22T13:44:55.861529
49,lunna09_49,16,viniciuscastro_16,2026-01-06T13:44:55.861532
49,lunna09_49,44,mayaandrade_44,2025-11-02T13:44:55.861534
49,lunna09_49,18,luiz-gustavojesus_18,2025-10-10T13:44:55.861537
49,lunna09_49,6,qmoura_6,2025-05-13T13:44:55.861539
49,lunna09_49,27,goncalvesbenjamim_27,2026-01-09T13:44:55.861542
49,lunna09_49,15,gustavo-henrique24_15,2025-07-11T13:44:55.861545
49,lunna09_49,10,ribeirolorena_10,2025-12-28T13:44:55.861547
49,lunna09_49,48,ada-mota_48,2025-06-08T13:44:55.861550
49,lunna09_49,13,isiscampos_13,2025-09-10T13:44:55.861552
49,lunna09_49,2,rfernandes_2,2025-08-26T13:44:55.861555
50,vda-rocha_50,6,qmoura_6,2025-02-11T13:44:55.861569
50,vda-rocha_50,36,rebecagarcia_36,2026-01-28T13:44:55.861572
50,vda-rocha_50,30,pastorryan_30,2025-08-14T13:44:55.861575
50,vda-rocha_50,1,alvesyan_1,2026-02-01T13:44:55.861577
50,vda-rocha_50,24,jaragao_24,2025-03-02T13:44:55.861580
50,vda-rocha_50,13,isiscampos_13,2025-07-24T13:44:55.861591
50,vda-rocha_50,19,pietroalves_19,2025-08-28T13:44:55.861594
50,vda-rocha_50,37,da-conceicaoalicia_37,2025-12-10T13:44:55.861596
50,vda-rocha_50,20,luiza98_20,2025-10-19T13:44:55.861599
50,vda-rocha_50,40,igor68_40,2025-05-06T13:44:55.861602
50,vda-rocha_50,16,viniciuscastro_16,2025-10-03T13:44:55.861604
50,vda-rocha_50,47,rda-paz_47,2025-07-02T13:44:55.861607
50,vda-rocha_50,45,odias_45,2025-05-26T13:44:55.861609
50,vda-rocha_50,32,mariahcunha_32,2026-01-02T13:44:55.861612
50,vda-rocha_50,44,mayaandrade_44,2025-11-21T13:44:55.861615
50,vda-rocha_50,39,maria-isismoreira_39,2025-02-02T13:44:55.861617
50,vda-rocha_50,10,ribeirolorena_10,2025-09-11T13:44:55.861620
50,vda-rocha_50,46,duartedaniel_46,2025-12-16T13:44:55.861622
50,vda-rocha_50,38,luna17_38,2026-01-10T13:44:55.861625
50,vda-rocha_50,14,kpinto_14,2025-10-06T13:44:55.861627
50,vda-rocha_50,48,ada-mota_48,2025-05-11T13:44:55.861630
50,vda-rocha_50,8,jose-miguelribeiro_8,2025-07-05T13:44:55.861633
50,vda-rocha_50,18,luiz-gustavojesus_18,2025-02-08T13:44:55.861635
50,vda-rocha_50,12,mcassiano_12,2025-07-26T13:44:55.861638
50,vda-rocha_50,21,natalia46_21,2025-06-12T13:44:55.861641
